reserve_name,tree_cover_sd_50,tree_cover_sd_100,tree_cover_sd_500,tree_cover_mean,canopy_height_sd_50,canopy_height_sd_100,canopy_height_sd_500,canopy_height_mean
Mokala National Park,9.25118737700851,11.4166299297336,14.5979312283664,10.5537572485943,0.211028684203952,0.268133186433625,0.349163241632733,0.189970123204476
Addo-Elephant National Park,7.30681043948838,10.8180161882172,20.3355622182906,41.7693506632507,0.497689182603101,0.738341784863902,1.32716665073545,1.99010227647288
Mountain Zebra National Park,2.14729603099243,3.18803710368004,6.14241875100777,2.20197560537939,0.0532285042820535,0.0805546853585969,0.163547689906804,0.0512538660863787
Camdeboo National Park,6.88433835228082,10.3390381614623,19.2729902437661,14.3215646592958,0.186339868718524,0.280189228108762,0.551674804412717,0.342298926856731
Agulhas National Park,2.33177057209432,3.79515696800884,8.45191110226057,2.93361444874696,0.0410942977948025,0.0672174831619007,0.166052571685628,0.0464704512206537
Bontebok National Park,1.40306933894766,2.17329046178032,5.28722490109055,1.62905529874965,0.0469639309089294,0.0746459607154599,0.20448288743296,0.046631502761129
Golden Gate Highlands National Park,2.22596782621262,3.47897848714206,6.82912223038237,2.33851427328474,0.0536518848294807,0.0850272567425907,0.180760266718934,0.052013174629736
Karoo National Park,3.8430100382845,5.875410776596,11.1332218967592,7.01762660719831,0.0613170029021883,0.0925045359936101,0.179485052750662,0.0962764855917026
Marakele National Park,7.97614502018615,10.8367721614473,16.908152934506,15.7759328517553,0.283523982586296,0.388354909482706,0.621692055733064,0.491136966983769
Kruger National Park,7.8503862988616,10.2990203572299,14.3957542024185,11.4326502705762,0.252510659613723,0.340972656222429,0.498479638186815,0.293932763011752
Vaalbos National Park,0.501036182579904,0.80280696482696,1.66957620663747,0.233598447385599,0.0131907024248769,0.0224099822486213,0.0561274257266805,0.00564903908168351
Kalahari Gemsbok National Park,0.171554687201451,0.270052819019418,0.537560387058025,0.0750065710767053,0.00435699627025373,0.00715602705523426,0.0160911547680497,0.00178176118641317
Mapungupwe National Park,3.23768960750805,4.55797713140118,7.86871477502584,2.85991189979418,0.0783329852435359,0.11479030974267,0.223139624328296,0.0578060736799311
Augrabies Falls National Park,1.79903884745326,2.61772676016836,4.65113011217096,2.02438821327316,0.0389613728648104,0.0580224092520814,0.110083897069472,0.0425239765722386
Meerkat National Park,0.124033266805224,0.201149537736244,0.536074481583682,0.0950576358034414,0.00293461975280625,0.00481564839420405,0.0132532671590923,0.00202859357902432
Tankwa-Karoo National Park,0.926276463740516,1.40265338908594,2.76039114438632,1.03375487898009,0.0174273090984099,0.0262709466048302,0.052232166645329,0.0169372836687016
West Coast National Park,7.04814273643438,10.3147466886935,17.6958601800767,18.8230039301192,0.147024281112069,0.207014687381037,0.344833464356772,0.313942051677371
Namaqua National Park,0.206275944396579,0.331874113107456,0.801630180085575,0.27747878374304,0.00306340191902034,0.00488282434797721,0.0121760737597613,0.00362367202328706
Garden Route National Park,6.55512246918112,11.031731426343,23.4610089675987,43.3623072151375,0.703328234830305,1.08475359921469,2.17848468833248,4.1172441582044
Farm_3,11.6657522527755,15.7080018221959,23.9723849308257,34.7201500899734,0.471787812050327,0.626314543528882,0.912921591994225,1.00682699644205
Farm_4,13.1970422668188,18.4041142580747,28.487831342788,22.535652414678,0.417830761417563,0.584537692326927,0.919884848594666,0.538960215970779
Farm_5,8.19481888156638,10.1060425700863,12.7078200717541,6.84521645683093,0.192828328145259,0.249195824896466,0.323095895341513,0.128379171397459
Farm_6,7.61820560403941,9.67979468337797,13.132327447679,9.9416615669937,0.246083133872307,0.319043311042555,0.44394582463204,0.250049664910999
Farm_7,18.0905602519383,22.2250966500764,28.2024521979557,39.3120786577358,0.647932682150071,0.817994673832451,1.05802369573314,1.04761820862959
Farm_8,14.0546930462164,19.4645912985403,31.5813245773315,34.0728832064617,0.666073471960789,0.917076451461497,1.43164128135232,1.27402856007376
Farm_9,15.8702671625065,20.5587516307562,30.0841317176819,26.5617331160848,0.614677645835215,0.816269990700397,1.19812091844422,0.813974076008165
Farm_11,15.9901634765542,20.5255732752183,29.4742261303796,27.354327352542,0.417607025188851,0.545777549922107,0.744501813583904,0.511302171084528
Farm_13,15.8445157086142,19.4951681567821,27.2886789451211,47.545473645154,0.501523049175606,0.606917201654576,0.785473879717164,1.08375443248467
Farm_15,21.4213580806439,25.7556308480196,30.7705601778897,35.0995696944784,0.663847036088983,0.809080184984577,0.981402852318504,0.793609750132228
Farm_16,11.7516898351278,14.3822554885727,18.6416221327252,12.9819320260965,0.285095571231197,0.364545187796984,0.474695899751451,0.241627824146684
Farm_17,6.08825845406279,8.63525758587032,14.0783347998057,6.31940530430494,0.181791787019003,0.271188920279965,0.48349122222432,0.157625397766465
Farm_18,10.4053718368261,13.3028086859304,20.0246917784214,13.9201479694487,0.187617878627162,0.245301488642321,0.399889819994569,0.200331655030525
Farm_19,17.7389342151408,20.4383954942906,23.2817740334405,24.0542976912036,0.449203283295596,0.539054098564197,0.619804640346103,0.441715014300788
Farm_20,17.0266350160943,21.6730965040914,29.736398027904,66.9234360657443,1.07846993798594,1.37516210643235,1.85514928333795,2.71758901057872
Farm_21,14.2551791507558,16.8441911398802,19.5435360954926,16.1362895735036,0.372370731395154,0.45332896844201,0.527020993248551,0.321404166684175
Farm_22,1.35221509473196,2.02265696851351,3.63107252449501,0.758849287340308,0.0251222367484833,0.0397256501876915,0.0837593341348913,0.0125737031921079
Farm_23,5.83975643005367,7.63009770333471,9.41609672705332,3.78475661322172,0.12550822852345,0.179575314395207,0.227855607867241,0.0695419736436946
Farm_24,9.85173581394904,12.1328875200465,14.9606016874313,7.12271460926518,0.241986409223772,0.319145887783741,0.428409406542778,0.150295027924909
Farm_25,18.422674598761,23.1840208252832,30.2487641589742,65.2018409933646,0.99296887396929,1.26910095312812,1.69489575036815,2.28518097620717
Farm_26,13.3971388626212,18.7139564923134,28.9147018851721,65.0306892388791,0.76188318595193,1.02921320839088,1.47264423776635,2.40628292956648
Farm_27,10.3473035022866,14.0465314815468,20.6436860173248,12.2236479744319,0.318674925866042,0.457115103135253,0.747969674093779,0.331352980726284
Farm_28,20.5866632348429,24.7097558671828,29.7207938557389,48.8359165181855,0.945949930207424,1.16832178263691,1.4453964716221,1.58518411945633
Farm_29,15.4025243435665,19.2445220324874,24.8494995401456,22.1622648111675,0.418329492364654,0.541081905550146,0.713314923689916,0.465438968601039
Farm_32,17.5470174800341,23.3380554304659,32.7178777101878,41.8311530574112,0.558501730184611,0.741654064621027,1.03233580559089,0.976133648877613
Farm_33,11.5127481293571,14.2132588494686,19.2675394736804,16.9403484932104,0.337417794243444,0.431389035207971,0.601107171177864,0.381369036006761
Farm_34,20.1671275533634,24.9024757352748,29.7682688643293,34.241837723244,0.461854266214057,0.593438989996871,0.73220121453448,0.577040499381689
Farm_39,21.7670053581669,27.5088549072281,33.9285161688521,50.4278108559246,0.961885888902065,1.26250301743232,1.62235351092107,1.54442988834208
Farm_44,12.9512798516538,16.6526039136462,21.4266401738413,19.4811255570984,0.460436262075537,0.610889593743177,0.827576079668231,0.558008084520934
Farm_45,9.05539689994615,11.6389486927056,16.0158110578423,9.71678667583536,0.24089884448588,0.317751889087924,0.442949522642986,0.205593019270711
Farm_48,7.12702665397889,11.1763298237236,19.8471321718259,8.9688675493623,0.220430973195329,0.347152948422551,0.651025063151663,0.251191460850629
Farm_52,2.80428911128694,4.16346928686918,8.03559126689409,6.57918543709064,0.0778104283718348,0.111553620967201,0.203879587325112,0.14769281685317
Farm_53,0.287154890121563,0.442428052392872,1.2221985466923,0.181138585790381,0.00578646008221355,0.00906362627962192,0.0260242719061953,0.00330348202866007
Farm_54,0.823486589026827,1.2904646054076,2.90119073672209,0.941154100595688,0.0263767860602678,0.0414473194191454,0.0931016979812113,0.029095440828108
Farm_56,0.528691010844104,0.779672734699264,1.44077184621574,0.310021917292407,0.014523386099787,0.0229271783683246,0.0466501046473336,0.00717718637073243
Farm_57,1.3986342955734,2.06385611096477,3.63123033004999,0.867882070911337,0.0277692570358693,0.0428192498531981,0.0874986886590719,0.0153187004976456
Farm_59,0.870357967056878,1.37941982527446,3.04044686514889,0.728982065357276,0.0218836594351788,0.0355965378132472,0.0837906008525183,0.016431529466244
Farm_60,1.20600220199865,1.70733664386117,2.75668578077651,0.800875983809206,0.0244331101986331,0.0370933052868835,0.0695444703890902,0.0146316415415487
Farm_61,1.6823510260855,2.33450816612566,3.71865405206428,1.02114672783371,0.0399998629354475,0.0575108974520316,0.104761879443815,0.0215409742860935
Farm_62,0.867148060128637,1.34893820205115,2.69821202769707,0.726954075189141,0.029472029239514,0.0468388692428412,0.101805359291098,0.0228227316863283
Farm_64,0.966308512788057,1.33405620514576,2.66343387583001,0.666410182650383,0.0245507258886204,0.0338569290469119,0.0639885385222025,0.0145896186275411
Farm_65,6.33989157321242,8.6849022703928,13.208501909543,7.02748313849105,0.143347057375236,0.203731243957817,0.33410842168389,0.127577779064017
Farm_66,1.16256514558235,1.83181309538544,3.55871866430555,0.656623706280662,0.0343531639177071,0.0566079029333927,0.127932459193149,0.0165339478695736
Farm_68,0.679731195455371,1.07305434073912,3.00125024181146,0.497014723829264,0.0149225176224408,0.0245305096444557,0.0756356192287058,0.0107720904245489
Farm_69,0.125452134143513,0.215288244084746,0.60203816111101,0.140042271465249,0.00210016621241893,0.00365195982876623,0.01083281392196,0.00207884207231147
Farm_71,10.9906114868607,15.9481136763069,27.0086565718931,33.0348511424537,0.226226251976382,0.324346611034422,0.530274565114695,0.487206596861745
Farm_72,2.15089933717314,3.26771958062024,6.33667133084964,1.8075327498609,0.0441747196394502,0.0681002218734287,0.136394693818875,0.033276221651771
Farm_73,0.441305841546118,0.774056934576623,2.02290409547942,0.324562593533246,0.00891479593573465,0.0157288848772428,0.0427000147423574,0.00609424724708715
Farm_74,0.465120553845231,0.802229910533266,2.50903397712369,0.452075323106649,0.00673477430836045,0.0116288438148414,0.0393367423017174,0.00626249321193853
Farm_75,6.8189001128667,9.86229000935554,16.4293287676759,8.32935764636642,0.179272796478067,0.263468002489814,0.438095106170513,0.183847550451042
Farm_77,5.49471133358873,8.03143915806265,13.9447370246001,10.2643787552014,0.110700588451746,0.163460128274185,0.306478480147902,0.158811371286263
Farm_84,12.8474183509176,19.9041576127992,33.2244491100311,75.5686466826797,1.09033907231307,1.5812228084346,2.44269633769989,3.75406693616547
Farm_85,12.9594091533699,17.2728838456524,30.5590638690525,56.4712616069844,0.491648426840365,0.627399345376601,1.01493315961626,1.4122556449727
Farm_86,1.42162022457269,2.17857229954322,5.10185993545585,1.45476589289454,0.0526979625787241,0.0816881137810779,0.207347050104102,0.0493517338809341
Farm_87,4.95951569487368,7.30205047073703,13.8045088611543,6.40284910733425,0.144830628510285,0.21736686277877,0.453645118307966,0.175755164938934
Farm_88,1.60021559953561,2.37818044408568,4.83378699368664,1.63736438423616,0.0481360588651007,0.0722705108176091,0.152246031481282,0.0445503905554512
Farm_89,2.29711685281624,3.56891427394435,6.70969017955393,4.0291421885065,0.0842973380958031,0.127470200323353,0.227636894811085,0.123068682691856
Farm_90,3.7401931029536,5.78543164784673,11.1765948671961,5.40831020343607,0.14563861459578,0.224475465241727,0.455149111460781,0.186618383880705
Farm_92,3.57740934068041,5.06634353899799,8.82563609706162,5.4755513322789,0.0882202805786437,0.126927516605863,0.238638748385431,0.118209743268496
Farm_93,4.87658992192386,7.40869917074819,13.6501493722317,7.72973210741026,0.106789973592474,0.161752140425829,0.310427757177405,0.150625957886596
Farm_94,4.38434090503363,6.45379508766422,10.8604641704831,5.49767628385588,0.0875872475938942,0.130848240691409,0.228342690341564,0.0936399821604066
Farm_95,6.57332221087245,9.95183426184196,18.2186621640032,11.6468161554811,0.18515339497996,0.282806924512438,0.552940583462283,0.268568302318393
Farm_96,5.72047908465656,8.49580018389679,16.6722289865667,6.35415499123082,0.140418494213693,0.212895974193679,0.461657884175127,0.139766762804202
Farm_98,0.487830427192299,0.81500025323387,2.23185240243614,0.517642016504012,0.0232359161727843,0.0393225557305417,0.107772705711881,0.0238854532780725
Farm_101,11.9409014330908,19.7826167663309,38.1747752969915,62.3144349750389,0.99769829092035,1.60596472488616,2.84801406426863,3.1652302438065
Farm_102,9.25624380903172,13.5719909660873,26.868049621582,10.866413827409,0.285648307550999,0.444670586714074,0.840664291381836,0.274054075599122
Farm_104,2.06168595557496,3.01782920462631,5.85860089739335,1.82303781980993,0.0622895660062133,0.0943846711572033,0.196575055264563,0.0503234639404211
Farm_107,15.3298944742305,20.7570063306006,31.0350583394369,29.8881636323138,0.488989342528026,0.672288084615724,1.03733332731106,0.757021054445134
Farm_108,4.18566618948094,5.98041134106989,11.3114391576958,6.81095980148314,0.128036294041013,0.18940002095851,0.386507394218271,0.195231072096345
Farm_109,0.96909091263849,1.4637148122074,3.38951783230121,0.974356029438291,0.0430385568815218,0.064620719361276,0.16488249233734,0.0411808659985646
Farm_110,5.31082627256865,7.91939476007033,13.9598509554922,7.63325080378601,0.107146729472961,0.162229398002078,0.291065478623963,0.130822175761988
Farm_111,1.73635472858647,2.59054405714257,5.03532094803178,1.9125097369539,0.0306778407732646,0.0471922476094882,0.0949718070677617,0.0270699611898076
Farm_113,2.81169032270001,4.17210448208842,8.75134670295213,3.23537926236139,0.11098496124531,0.164336088883823,0.350376270692796,0.111602120902897
Farm_114,6.74320499636409,9.7883308816701,16.332630352605,8.7520657063162,0.155134670358134,0.230709413590337,0.417376307953548,0.173751002244337
Farm_115,2.09520408214748,3.1068950912703,6.33727659632468,2.02839667279465,0.0551956280592421,0.0841416679709359,0.174153934940374,0.0483808299617833
Farm_116,0.379956748642839,0.603115377520295,1.41320609207873,0.237179491550657,0.0131913280625522,0.0214683573228509,0.052800183207728,0.00761086482778119
Farm_117,0.0996563020883645,0.167828234804176,0.491919086784547,0.0591780579661467,0.00367629710550046,0.00573466438312919,0.0190392404469767,0.00198207822532363
Farm_118,0.166078570949959,0.24534397081786,0.580493875259271,0.112911480492896,0.00369933310884061,0.00571008829046738,0.0178612505811398,0.00254870336957843
Farm_123,2.07122604849907,3.29906283678294,7.86759243408839,2.38977513412397,0.0480490726972448,0.0774989628304881,0.190854839754827,0.0494249657617042
Farm_126,0.226299744637327,0.35373237675385,0.811384218572841,0.167817060197705,0.00469404804543251,0.00752524110173004,0.0185282819322943,0.00318123579081533
Farm_127,0.0982660555612039,0.161588031658656,0.473655564417282,0.0745160243870325,0.00245791301974531,0.00409801286327903,0.012356060937238,0.0016836633672589
Farm_128,0.15344717019013,0.250920305923675,0.676402339814024,0.122381761485527,0.0049333188847411,0.00804416000136095,0.0223367284945128,0.00384311935979891
Farm_131,17.5409486830693,23.1832007884167,32.1505436619754,50.4937954892819,0.585987243050405,0.787273401764515,1.17114148467937,1.17463073500376
Farm_137,13.9164382818194,20.055927282922,31.5853035203342,27.1016584741604,0.373659954002153,0.548154159525142,1.00701838361806,0.602102842214339
Farm_138,7.17090188205577,10.7390710397052,17.825146478212,9.6639918344294,0.210132795542245,0.324619085132383,0.585997716745946,0.265733411167743
Farm_143,19.8775365115146,24.2331030892438,28.877194507702,31.8514275171217,0.517746822551999,0.651126206281046,0.807314909471048,0.637800145016897
Farm_144,18.0578384357187,23.1395504780481,30.619869765415,60.6818235802679,1.16174210259657,1.51301046153018,2.08879984271142,2.62679735788932
Farm_145,18.7333649548204,23.5229455720178,30.6299090075803,34.9099277725518,0.494303991506438,0.632576283652381,0.86781507281514,0.694766725346449
Farm_146,4.16667558010976,5.55138269559257,7.78531647869274,3.56216677307621,0.113976304729427,0.159658609984986,0.256318620171701,0.0791783152284587
Farm_147,11.6288806705192,17.1107385849055,30.9289513136211,23.3143633733561,0.358185849336306,0.532670772972429,1.04838841965324,0.60942400225487
Farm_150,17.8460579411952,22.3181783451733,27.0812598228455,30.5998283379746,0.42089555570531,0.531087154134601,0.683779013156891,0.539498416330079
Farm_151,5.00238872544026,7.39735531628932,13.4017611199078,5.35570755425647,0.14987749325391,0.231431542600793,0.465595020348939,0.144889507151943
Farm_152,14.2398246880346,18.2819587101251,24.1667983952691,17.6927046416369,0.326672890209275,0.434104797210055,0.582557679835488,0.321400491061059
Farm_154,20.7064298709142,25.2625612753137,30.7623294139731,41.1329435262266,0.594689538181297,0.752333006121121,0.972045952492747,0.890497165760554
Farm_156,13.0103868425306,17.3271874279226,26.982658794948,16.8282364941816,0.488735020800986,0.678665426723083,1.07034904502687,0.49260384583366
Farm_157,8.67960319947671,13.3565568488711,25.6072979400817,77.8914560760611,1.29185849537135,1.95402696614545,3.52980867655654,5.83002552023598
Farm_164,10.1340815514277,14.5987021398458,22.4686653180556,13.7214101290108,0.455523236461163,0.670633573570319,1.04645426896485,0.520072814395103
Farm_165,13.9451825657445,19.1152827557427,29.2725170784526,48.2016950047915,0.814566094001445,1.09608939802888,1.54701538313594,1.78488152950885
Farm_166,6.56109447586976,9.12299186216061,14.5451559541125,8.40034830086945,0.127382047266912,0.177868501414727,0.299237799522452,0.141161156405719
Farm_167,0.135009984470613,0.211677997585537,0.559747695846875,0.0968511055960889,0.00323846797081171,0.00525067248481764,0.0146955768616968,0.00215667957663587
Farm_168,0.757392025607734,1.10410734631226,2.1301849246427,0.589350217423434,0.0121639158199908,0.0182818086026015,0.0377528193078935,0.00785916250939773
Farm_170,15.758950131039,19.7737502544621,27.1007187566278,33.3413532297346,0.662881740499729,0.849188803733368,1.1907927350625,1.05366361929046
Farm_171,6.4666912068534,9.08905912213805,13.7724036659513,7.10771920921509,0.235101335542745,0.343026188499148,0.525578922203609,0.226666645002045
Farm_173,5.23546021323141,7.04025861014486,10.7894859546597,6.57493436182431,0.143530492975151,0.199834356437841,0.315830055208583,0.142154931581632
Farm_175,5.56807219774683,7.91936431758527,13.5460074592707,5.69208389916233,0.208758540100173,0.311439466860232,0.589673490425752,0.196903954772394
Farm_177,19.6180349255258,22.3443986071874,25.414160579443,32.2709243974174,0.509031990625607,0.595315354612414,0.66583391999205,0.589116386479829
Farm_179,0.263954872353196,0.460079453814579,0.963582346836726,0.157018330867184,0.00928210659225563,0.0167155618940703,0.0332478431363901,0.00510918935381081
Farm_181,11.9965912240413,17.0943316391853,29.2778827405609,66.5023063231916,0.79225335169159,1.127131558708,1.88567557883474,2.70268390544818
Farm_182,4.92968918608999,6.97011437497892,12.6842640668075,21.6210558912357,0.391622534803665,0.563037602897841,0.967552895960404,1.38266946451314
Farm_183,0.0729190426664188,0.125189841605508,0.519674319308251,0.0504812655322782,0.00255495586167957,0.00441423085292811,0.0191482236608863,0.00175040684603218
Farm_184,0.0258664624146898,0.0404363704366126,0.116129603883257,0.0180043014850579,0.00108616959675176,0.0017222281824362,0.0049795101376174,0.000680941783266812
Farm_185,1.67467936874475,2.42854613009567,4.05968244086609,1.08036833511163,0.0411994671178783,0.0630317022692058,0.116057834747455,0.0227260667652585
Farm_186,2.07062420454896,3.10851554505332,5.99537821859121,1.67908555442548,0.0717864303342601,0.107689043871262,0.270124707743526,0.0560526412944444
Farm_187,14.9685406092789,20.4288438637982,30.6096254779447,49.8612856190842,1.04025594099943,1.45296954041109,2.31720691496326,2.52829754270143
Farm_188,11.2305895680747,17.4527044927775,36.481528155009,48.9183809402619,1.29825611092185,2.02318681815022,3.64080480575562,4.33293077883557
Farm_189,9.44815271835504,11.6559319630371,14.9326660422718,10.6083468752948,0.242956646248588,0.310054099985486,0.393150602660927,0.204747641414971
Farm_190,11.003251320384,14.8606379113419,22.0315339648724,70.8034944191229,1.52186395275225,1.99342940056462,2.71549699011445,5.40410391273993
Farm_191,0.361051490863354,0.553562441118796,1.18810726422817,0.176286271773644,0.00787358834465439,0.0124084807979203,0.0258153249553288,0.0035795366546069
Farm_192,16.6393389475593,20.6003817885922,27.577127456665,71.6811585068241,1.03580213873013,1.28868147158654,1.65362517674764,2.61468235040974
Farm_193,7.5075721926965,10.1567663242775,16.0934269107305,9.48174053440051,0.253142393597721,0.356120512648384,0.585965723181382,0.271147936026393
Farm_194,18.1210910319642,21.5509940414706,26.8309783979495,44.883039860019,0.710368368758183,0.874753898292791,1.10811377796709,1.27504406910858
Farm_195,16.9639186633214,20.5970054729337,26.750932475572,41.4155256601494,0.615922167281033,0.763268964383697,1.01459414367714,1.16112665497819
Farm_196,10.899617160114,16.372626316391,28.650321890895,20.5034332733848,0.687958070669163,1.08180480753039,2.17035490993543,1.21914411313569
Farm_197,3.88312693231141,4.93269417400466,6.37398503634439,3.01182433954827,0.096750575545513,0.13089308886569,0.178784730097332,0.0592051605455605
AgterSneeuberg,0.723339254785384,1.08723717781953,2.34996456315573,0.708346812165457,0.0263975134686762,0.0401682133904891,0.0900770688639865,0.0236036863031982
Endalweni,14.1397293389512,20.722211372214,32.8364683640631,60.6769998900017,1.24570145915292,1.87863062145087,3.15142341412996,3.60922421080741
Haga Haga,14.757499434419,22.6795456864358,37.2662356240409,44.3174454536824,0.971479731453137,1.45085225707673,2.44268571308681,2.0526912409941
Hopewell,11.0692909213631,16.3504228024569,27.8183833819169,81.5957201263173,1.09024451925486,1.56966642471363,2.4194763975877,4.16592185212053
Kragga Kamma,12.4251219665645,19.562960872544,32.7562489943071,32.2550159254428,1.06957973293913,1.68080102782223,3.01460743817416,2.32642055434369
Lombardini,3.71837420089342,6.24690962735321,15.0201358336079,6.86717849933258,0.196299780066089,0.321897605576078,0.785665207421955,0.331155973910037
Miar,14.137499109984,22.9747082809922,38.584166208903,42.1931423102376,0.976277323744,1.61527985274987,2.92028111775716,2.31193829719165
Monteaux,1.40008845042162,2.04847443675959,4.35092480602958,1.2543135487321,0.0339684928120397,0.0504417431254156,0.110731485493319,0.0269553695048733
Oudekraal,5.2523668273955,7.93983756641715,15.9958940734263,8.21269965372576,0.183206411309121,0.284790426145953,0.621165731531524,0.28140475847871
Woodlands,8.89114228205761,12.592106772117,20.7860594365379,17.1155511434481,0.313180710331934,0.454409090938589,0.79644079237695,0.529240934592602
Aquila,0.649621328358891,1.07569949731349,3.00047772403421,0.65027615828332,0.0233698823253431,0.0400707007853626,0.112747910907278,0.0234161673491903
Badshoek,1.12084215875858,1.79582619631013,4.08580689863058,1.02083761582009,0.0194782133911127,0.0313252296401327,0.0776732759261695,0.0166667431504827
Bosch Luys Kloof,4.10190596544255,6.33392599181391,12.0273526189686,6.25834394794114,0.0826102481835266,0.125542116279232,0.251477092649494,0.107692836725813
Botlierskop,8.12852308701768,12.8439038858973,23.4176148152854,13.0860686536589,0.261529716656086,0.415297022433765,0.786025654610965,0.362500842151836
Buffelsdrift,12.5869206268175,17.6190479315053,26.243927693367,23.813819700525,0.259860986922063,0.364242284700687,0.551868151383741,0.385307916867091
Buffelsfontein,0.80871846871869,1.1573779968171,2.52854167180402,0.667374546290415,0.0258004477772268,0.0375899663041284,0.0830303935467133,0.0178652782182895
Bushmanskloof,1.86361910834686,2.91110730236152,5.96079242018562,2.15108531086751,0.0480760386371233,0.0748720184103204,0.161549394866039,0.0488730832817827
Chandelier,1.61412936106091,2.46011668845195,5.41581106777395,1.63756567462302,0.0422826475754377,0.0627118420735951,0.13581976118368,0.0383058027598132
Die Poort,12.1926327126404,19.0003908394868,34.0797089436015,23.0851453066243,0.240559559583957,0.364808753313508,0.677947259535555,0.382938627072502
Donkieskraal,2.59326991196921,3.82819021739808,6.9946320873731,2.48455078099875,0.0594265841176236,0.0893898304790078,0.169025298110286,0.0486335624411984
Drie Kuilen,0.125421475852083,0.215593167129056,0.563542113712819,0.0840902694072568,0.00196061591764161,0.00363096219694073,0.0102485481325767,0.00124970887269976
Farm215,7.40887675836106,12.5254639892824,24.4208254630749,11.3042211467777,0.151135233463344,0.254686252298768,0.608027286254443,0.215616274134601
Featherbed,16.4172704197283,22.8805032141589,38.5571594238281,28.5052022798253,0.466153515522615,0.663650203999746,1.61105816364288,0.659893216734629
Garden Route Game Lodge,2.00109942406969,3.14826346306412,6.80488775075789,1.7294336574846,0.0519148416984351,0.084622936870004,0.203268052113095,0.0407746536771744
Gondwana,8.84013199789192,13.7318748391164,24.0041699016657,14.0416918360154,0.268244546592753,0.421519232853224,0.805929944565517,0.359797069604301
Grootbos,12.7197480259595,20.6344040082998,36.1692547151598,39.0891085700451,0.426884421938532,0.666172309275086,1.26565432134321,1.08101249254141
Inverdoorn,0.848795903724725,1.2753345404779,2.7228897951873,0.776021225986379,0.0164074114508943,0.0253367088086843,0.0549363656572725,0.0134608848029376
Jongensgat,15.2485205411227,21.4851518725654,29.9345049176897,23.9578180312683,0.292229220650289,0.409963033036051,0.586782816478184,0.37065293063201
KaggaKamma,0.299859392095505,0.500231744101988,1.49513515979274,0.307465126674421,0.00357496456419012,0.00593740217270976,0.0180566040455629,0.00351893226621203
Matroosberg,4.1314234892512,6.61347804762349,13.530298246884,5.11425057256297,0.0915985656200271,0.146250169232177,0.348721184833369,0.113840143124194
Pat Busch,17.2641575215736,28.0461388165273,40.9336287180583,36.7086115323974,0.590023737248498,0.937941784808825,1.51956976254781,0.954178110191726
Porcupine Hills,17.0865429927868,27.1552942006634,41.3238861777566,42.4060255362437,0.669790885503825,1.0395203754827,1.569741526517,1.16427092644876
Rietfontein Guest Farm,3.84039115033984,5.88879004664237,11.7420732393988,3.61331938648488,0.0633370085001436,0.097682148514453,0.204846843399785,0.0539524354167466
Rietfontein Nature Reserve,1.19027506737793,1.79900726608728,3.82682549885914,1.09514776772389,0.0334464544387559,0.0511955856796516,0.110180504293217,0.0279494871111292
Rietpoort,1.844744159822,2.80822555096179,6.09989495832247,1.98139390983168,0.0353775054013974,0.0541234904057654,0.125376437768656,0.0377264947493621
Thali thali,3.84243485850008,6.19765689807945,13.4663960899453,5.10092645845567,0.0578316625302663,0.0923109232949723,0.200740389902195,0.0641419049383758
Waterskloof,2.22603275340761,3.43912333524393,7.9720011996952,2.04542365555937,0.0405222330575029,0.0636387105109757,0.158857287597758,0.034128809070149
A1,0.180284123807836,0.29265474995601,0.792408260233376,0.107588732603517,0.00261802961414232,0.00435893955102277,0.0128681061762399,0.00144283514270945
A2,3.85039829381405,6.57267435994201,14.945597903596,6.25462875555735,0.205068573388355,0.356196613572676,0.838439258167313,0.299390520328201
A4,0.0347302990113596,0.0612034022420271,0.26539271767954,0.0211017046161137,0.000594994742529596,0.0010843841241835,0.00513839338215941,0.000380587329809548
A5,1.61789021313025,2.50326576533049,5.28360434007829,1.49451007334855,0.0485335057921549,0.0751883327505662,0.162730051241542,0.0398956335636001
A6,2.63897596890674,4.22194485390438,9.04225574948167,4.16691879724334,0.0781121136941096,0.126302327218903,0.286136979962441,0.108457458379831
CH1,11.6191520890771,18.2119099344533,31.8767869489061,30.7097241424288,0.50886159535563,0.801129413754351,1.52124432524045,1.07756123765994
CH10,13.3424415641431,19.7284623164747,32.5036005208252,41.8138602626369,0.588649832770402,0.877132616085612,1.48611480385202,1.42028287808827
CH2,13.21238327432,18.6083847942859,30.810473977303,28.4457610786499,0.4997484339367,0.699811982714884,1.193899055099,0.839496684886375
CH7,4.13569267183871,6.34186475882697,12.3889678592337,5.13862389892831,0.110938492494366,0.17026148140402,0.35369192850634,0.124190833409379
CP6,14.5517310468024,19.5560224539888,32.2517704614779,31.5185991606765,0.561841845922155,0.768250802257193,1.29317384289532,0.977152443908096
LAK1,11.2632418075184,16.1743402904582,27.9233830078788,71.7512832745098,0.601483757261386,0.814290114605513,1.28478949795599,2.34113253599166
LIM1,4.41545754244524,5.99610273053974,10.4323488143746,5.80009415079914,0.131571120057202,0.182870488793025,0.339590902681298,0.146210611711397
LIM100,16.5298632707887,21.4202210729282,29.4052989142282,25.6552224560244,0.47747236662479,0.647744070507778,0.948212473733085,0.554474462099252
LIM102,17.2784494428146,22.3286466389356,29.6804916858673,61.9935923200126,0.973249896875625,1.27341259836699,1.69370631456375,2.34037014508958
LIM103,17.95348616589,22.2506624578207,29.3520604845658,53.437988386013,0.760024484272372,0.966335556363739,1.34321825446529,1.62723807983135
LIM104,18.8803217837934,22.6928761741631,27.7515425310067,37.4226426469365,0.481847014285602,0.599602992585735,0.766576456685438,0.732794810707791
LIM106,9.9253757051021,12.5082547104688,15.4462963927675,8.78764544276891,0.25167916108399,0.338384697573566,0.43824602878756,0.173352689344631
LIM107,14.6273206177386,19.3639172844498,28.0936530679464,54.3644959318061,0.903963008601544,1.19400499014148,1.65989493876696,1.99304124361841
LIM108,19.6509409736428,24.0959026424508,30.6874991485051,46.0184978595914,0.79952080770217,0.997821723118536,1.28623752083097,1.36032219350674
LIM109,16.2218412264023,22.9089166395102,35.0904712228214,58.2747432662522,0.951711760750034,1.34501915580802,2.11271100296694,2.33125896435878
LIM11,13.6474786716454,17.4369078048319,23.7555915612853,24.9094118308657,0.462733115839305,0.59440321471729,0.81752684246958,0.667962631239318
LIM110,15.7818701503224,19.2088589843509,24.4684580125957,75.5713474992119,1.12249967823269,1.38214062447345,1.77640169370977,2.83585644556742
LIM112,17.348945739907,22.8707756955041,34.5063231786092,28.5325107689287,0.986872124774409,1.38311023647555,2.2300794561704,1.36746231875341
LIM113,5.54629471968968,7.53000418311557,14.2427390328958,15.0427036189662,0.170207116681915,0.216486372448154,0.375478441620362,0.352104591965765
LIM117,17.0721675858284,23.5207809797131,34.0161738813951,58.2067466493161,1.02971530814735,1.45851246490805,2.18364352407127,2.577112190915
LIM118,10.4960653168214,13.5979979077002,19.7521172130809,88.0832549986584,1.0964383170776,1.40532617694014,1.93079526284162,3.89270429833508
LIM119,8.65566400343126,11.3285479467573,18.313996910407,24.7591594581483,0.346343510443421,0.446484731388371,0.679718694777879,0.711408254865447
LIM120,19.5157556444066,23.2754482922013,29.2148818680353,45.6757618730516,0.654579147675291,0.785610500792286,0.972447944945585,1.05339842783696
LIM121,17.985354176865,21.8724608998193,28.3082633279774,61.4187743687773,0.84145566002816,1.05050218359097,1.40592440677016,1.87784368372661
LIM123,16.9343904012701,21.1396153369206,26.4601405834589,39.3140707152801,0.524038799730065,0.658675398401948,0.823117207054078,0.858250476647376
LIM124,13.0512425088168,16.7018864420669,23.4967679416432,28.5202327309054,0.44831562873811,0.582533521291227,0.79630535139757,0.796460031362379
LIM125,15.4567951815221,20.1068779888284,29.2629285166341,41.2613942573176,0.714410509730613,0.924098167197176,1.27177560060255,1.28645960564803
LIM126,11.0791481174413,13.8378606665916,19.316069573164,17.7522793700391,0.340268074961624,0.426495785445095,0.604511526351174,0.435869079068441
LIM127,16.0964593642931,18.8990634631786,23.5267027616501,25.9266112808256,0.439087987586734,0.527868588101815,0.63775033056736,0.51568159957259
LIM128,19.1600152557464,22.9917082965988,27.1243165261155,33.4004069115396,0.496453114830634,0.613863402491736,0.736747249988241,0.622015599619235
LIM129,15.4118036808744,20.2995981129247,27.3817429765144,34.7075111681675,0.628377165142778,0.840109532833829,1.15260827780063,1.08442301502523
LIM130,17.687592434171,22.0773990599271,28.6650079415769,63.0795008976353,1.02728286182084,1.29398514108452,1.67063558831507,2.36098382225986
LIM134,16.0364923675968,20.689128072079,27.305342862917,25.9145725955553,0.575944772627412,0.77074716590325,1.06351813663607,0.711161173614109
LIM135,10.141097515186,12.8195208671932,18.3023384468896,11.6618169608234,0.231121895977132,0.300823112221428,0.430775851139001,0.203402744643703
LIM136,14.2750841722738,17.8883423954448,23.9852498246699,25.3213079404178,0.436601452081097,0.561762706632412,0.778465094478155,0.621435161787823
LIM137,16.8086731782344,21.586086239406,28.8742067849458,70.9032054622151,1.25869698809887,1.6143737630543,2.05049865067895,3.05042394974916
LIM139a,17.3097332420742,20.1688216690594,24.092814798009,32.4873016782089,0.542592546692671,0.64288689274357,0.760236884541602,0.732728033600047
LIM139b,11.10519459399,14.1814575126155,20.034804338245,18.0799583186907,0.227371000689014,0.297556977609962,0.427024303141858,0.285763952940827
LIM140a,15.0611555233274,17.775157466089,22.1880598450607,20.053362431516,0.567783187654207,0.695237577850621,0.872435728671416,0.576029928647773
LIM141,10.200012117553,14.0557359172894,19.8487922264182,11.5886987199286,0.259682265791873,0.368252263156206,0.513108063111271,0.222807410067901
LIM142,13.2013077154083,17.6515974377592,25.8158084205959,81.9682750449412,0.850375064834791,1.08943930963675,1.43400469655576,2.51936365380728
LIM143,13.5101634791884,17.7486603946049,24.1383203732741,25.7823426863662,0.432456541604199,0.576068244769116,0.7972441591362,0.621579791886769
LIM144,7.83440419432769,10.1555212599463,16.2789155402274,8.58960796835057,0.257974899871221,0.353202549102911,0.587433367855144,0.221323090780557
LIM146,14.5644757415078,16.9776811847602,19.578414383641,20.0054280282814,0.420948826060206,0.512770685373263,0.601012238573145,0.441679721194599
LIM147,0.217548091294614,0.311149241180632,0.605049344915897,0.140428445203239,0.00350864757822385,0.00517804170946639,0.0107479362729937,0.00200030116027711
LIM148,17.3992323599312,21.6210625698636,28.7457883093092,47.2661940966215,0.796453026349755,1.00853238464264,1.36657415429751,1.50484674483948
LIM149,18.8846633782167,22.8188158403324,29.0753556031447,46.9980359318577,0.78733522311515,0.97872133487108,1.29068141652448,1.39211390142373
LIM15,15.9901064096949,19.6027375930147,24.2664752266624,24.6771161091705,0.534959921693659,0.676623704967508,0.855639729391445,0.652061395491532
LIM150,19.6082736744134,24.3574781924629,30.4358778551624,52.6552250964032,0.910342945708406,1.14734635682197,1.45708537141197,1.68870639373872
LIM151,13.0990791880463,15.2881356828721,18.3620059707709,17.193482435079,0.387354002667473,0.483051408878299,0.589570841475537,0.359727664826303
LIM153,5.93923470726824,7.57712813137731,10.6166169266762,5.6996671906855,0.177128250840617,0.240113628162763,0.353160117546514,0.127812851523987
LIM154,8.74260541010465,10.2602881501404,13.1463935465916,8.43152371962066,0.300374602117432,0.370626416297692,0.502947186123904,0.232903455307891
LIM155,9.92829927034082,12.0215726623517,16.1501794695854,19.7336474349245,0.327408194032776,0.399852905290799,0.521383049786091,0.444642612301722
LIM156,18.9587563967512,23.7067741942909,30.2090686122073,62.3355485696187,1.01928070773708,1.2888221740356,1.64116846237505,2.16304238955574
LIM16,10.3464270485093,12.5972114290586,15.9884237355964,11.2841468750915,0.240317108848794,0.307042557418063,0.39463457520618,0.202405390563842
LIM160,16.9816748945023,22.3694781083712,28.7919903681828,23.5582697650023,0.350003206653913,0.474518196496272,0.635885613973324,0.38714879550237
LIM161,19.3685779825344,23.6512150663596,32.2691904703776,50.035189302151,0.66676465394424,0.82855607900482,1.12337738672892,1.2056714112025
LIM162,12.6988041068596,15.8068292007904,21.0370077291011,20.534573306679,0.412478469471616,0.526942379264389,0.715044274076441,0.527276921055972
LIM163,20.2863034661577,24.2542771990026,29.903282351413,39.9862734846464,0.684818739326444,0.821983220150996,0.988432615490283,0.978556502091524
LIM164,10.7688062507648,13.2025024614481,16.4990956911227,11.5625768380898,0.295520965740033,0.381053987551168,0.491060453100902,0.241637198990613
LIM165,10.8676996051936,14.0415187808721,20.5113919202019,85.6393795876497,1.02013456969276,1.3075687244558,1.86252793517767,3.49105188607615
LIM166,3.16250970016718,4.22828284358334,5.9781441961016,2.13184138709619,0.0663511237458006,0.0946539159537341,0.150440679352198,0.0377756838260623
LIM167,19.2169970404028,23.9728059295336,30.6852970684276,52.2238603216638,0.651183870969162,0.825427169005768,1.06925230166491,1.32550189299736
LIM18,12.5162916088357,16.8352999578648,24.2214802808232,26.8232500199698,0.550441160749798,0.760060406867177,1.11952242751916,0.882292442208252
LIM2,17.5486067996364,22.1818185204976,30.609035724021,51.5507584873681,0.940180229707796,1.21230077665872,1.71178555524518,1.95239834358421
LIM20,9.81668257657874,13.3683488823082,25.6675430043884,40.5876943670346,0.667447499617645,0.930168329046014,1.85959407922852,1.8822833884346
LIM21,8.29787833996845,10.7870839946957,16.2806830311363,12.7446124476643,0.305902306146787,0.408057577521025,0.633528553067961,0.349944626653974
LIM22,7.88860635053963,10.8779473952703,16.4658933049295,8.93631051630604,0.263997852141303,0.378947181436971,0.617607699280105,0.243289817902464
LIM25,16.2798102130608,21.2719355916979,31.2261425576559,43.0988476066216,0.722340064035453,0.948293952873638,1.449503258961,1.40767291583073
LIM26,15.6312248736657,18.2204884751465,23.1018609628081,26.6042074762151,0.496583467616439,0.596851521490105,0.750280506908894,0.596593596574678
LIM27,7.83949558668874,10.6037439054999,16.2075259964913,10.6175021337677,0.230988996433989,0.322135966595054,0.4912716148654,0.237715571995038
LIM28,12.6396497380767,16.8352175413725,23.9358737945557,13.6777135619472,0.364297319002481,0.512712213903456,0.764848581314087,0.320483854224261
LIM29,17.5187194187556,22.732765853405,28.0627639770508,22.9911803473876,0.505102843394622,0.69396989672803,0.934226633707682,0.53471191681377
LIM30,10.6167302411907,14.4034773586871,22.0345958508551,13.8471252136282,0.365417730015683,0.519304874666303,0.816961012640968,0.374146011137458
LIM31,7.08771142329667,9.82006412998568,15.3900144310559,8.64098024153623,0.185311361568959,0.268136463875847,0.440495370722869,0.177706223691159
LIM32,3.60177423205331,5.21563285622758,10.4447132984797,3.39731857850848,0.0702496674185471,0.111400649278302,0.236035255516569,0.0576445676884426
LIM33,17.1897808148722,20.7579134814839,26.0460816242656,31.4589105824045,0.5750434505634,0.709825361340726,0.903769012435538,0.803241646972048
LIM34,17.8852220172832,22.0930326023035,30.9094246036404,40.2636737288105,0.744672736971023,0.942378416566815,1.33411083850232,1.21890639716421
LIM36,11.7245090985914,14.6685359974702,19.2890634536743,12.5940360656629,0.40042984674975,0.510712010851678,0.628276109695435,0.346378592887492
LIM37,4.50016124339838,6.17132903434914,12.7848153547807,5.20569244725551,0.14510271907871,0.20500717771221,0.481107292933898,0.128731268985907
LIM38,20.8543210153241,25.6030776271053,31.2316311597824,36.5093639404981,0.893212440895664,1.13474680678694,1.41616283655167,1.16523400342171
LIM39,12.7964243916161,17.996610405633,27.1274024211999,23.8340255306719,0.369685036009977,0.51359081832885,0.748252565029896,0.480381030928607
LIM4,2.85123236870723,4.2320171543914,8.11037073201603,2.40751383954333,0.0647048163526722,0.100551371074057,0.214078676741984,0.0470155392536314
LIM40,14.3089893956985,18.4894453061305,26.2490861415863,70.9225576168308,1.0985718062061,1.46104559111769,2.25069392522176,3.17829321869314
LIM42,19.2679690742496,25.5035579611274,35.8316579987021,46.5434864184781,0.877339986353745,1.19238058105904,1.73706668334849,1.56235329158753
LIM43,18.816835137931,23.616797919702,30.3121546577005,40.432351212045,0.689934335407395,0.871706517945975,1.06549498894635,1.06823143261205
LIM44,13.0342673509259,16.2555321186875,22.7109048244392,38.2896775563953,0.605624128238358,0.76698568232278,1.05394351176711,1.29468790781084
LIM46,21.3339742158024,26.7594144294659,30.8645439147949,33.4778373334557,0.593566602028358,0.75298234783113,0.839584898948669,0.672347434183272
LIM47,20.3840016296436,24.9675699665048,31.4095976980109,44.0479411584137,0.606530572242432,0.747915400896373,0.923038461752105,0.933647472207039
LIM49,17.0783548812754,20.6188996231913,25.8033328104404,29.2316854050648,0.534944013752395,0.645695998791248,0.787360914532215,0.682765788414553
LIM5,14.2839682997225,17.9057830718059,24.7061024115636,47.651823569567,0.786059939908558,1.0089065631581,1.36865778941375,1.97123385017974
LIM51,12.3443071841548,16.0106118059081,24.932585725013,27.6974808427756,0.541564370924787,0.711966889564436,1.11368376855903,0.909656961200579
LIM53,1.98273484741328,2.97686265679923,6.10472774505615,1.37952744723721,0.0963573538723292,0.155344091510977,0.191582882404327,0.0630387865684333
LIM54,9.91273159818265,12.3602883645277,15.4219791536167,9.74047573589775,0.286036169347118,0.377054390081848,0.482616013103033,0.212256063923929
LIM55,9.78435744572496,12.1408350963264,15.3010962734168,10.9575152360552,0.190270538016204,0.242623331770408,0.303685827409341,0.164794748958577
LIM56,17.4486048381494,21.3781073319964,26.7054329872131,23.1257997018391,0.67010988625104,0.845808613679975,1.06349913756053,0.695119948324413
LIM58,16.6469704895511,20.3404496733513,27.5264911530893,68.5458949436865,0.674315877435912,0.814952888626587,1.0614158219929,1.65937095992462
LIM59,19.849627518262,23.5305825932652,29.2444699894298,47.0084538584483,0.855584353348976,1.02770406823103,1.28849404725161,1.48485149056221
LIM6,19.8209499560357,24.3707152712288,29.9644959283912,53.1330459176822,1.11027431507473,1.39417138744052,1.73984179082124,1.99241273239035
LIM60,15.3391010316865,20.0915301380658,29.3514617200483,61.6186378493508,0.919769702102256,1.26837657344446,2.15037533776802,2.88585402798769
LIM61,14.6373217534324,17.3851794667542,19.9419371324427,15.4400239306993,0.417751224318371,0.518377345743334,0.59887104917975,0.344832514804457
LIM62,20.1949783657804,24.5758886786832,30.7339542202833,38.6962255394216,0.620450352332474,0.759946329445632,0.942971581947513,0.822433284278843
LIM63,13.5864160404426,17.717296957962,26.4954663248772,37.7080863951573,0.448062216783605,0.599731628583791,0.850531144598697,0.850470824770043
LIM64,10.2277528345548,13.5345209876951,17.464485168457,10.3909944443102,0.365974029375485,0.52090466279479,0.707910459518433,0.287590382923095
LIM65,17.1182120733486,20.6440879404185,26.8158796329789,39.3800740452244,0.733171546220873,0.910849925554146,1.1945408374525,1.23857684622008
LIM66,15.2480872438477,19.3388094428609,24.6865489959717,19.3907648040556,0.508548865923016,0.672682035750651,0.839781818389893,0.481776025709822
LIM67,18.1256791454705,20.7611327500538,25.257468113954,43.5875252676536,0.736310553738229,0.865119643108441,1.02966827688546,1.20165381207812
LIM68,15.8162253889433,18.5870116160735,23.4770587304743,26.459070491977,0.417512766913761,0.504096142769176,0.628719219928835,0.520350846659877
LIM69,6.13242288435311,8.23651472282618,12.354973370389,7.23217509365023,0.120614480241501,0.165783826636579,0.258896179191371,0.117216076714673
LIM71,13.6003124255948,16.8286068082812,21.6015260269245,18.5953182007798,0.387460649196286,0.493869326316824,0.661452119828512,0.405087886158047
LIM72,16.5409212701258,21.168152710419,28.0870449121216,40.056475579565,0.587242254131403,0.760310328569772,1.02583629825817,1.06396684073859
LIM73,21.4821352544325,26.4897893994872,33.3320568629674,55.3488607546042,1.04910006359296,1.30779783488714,1.62647669655936,1.81199037972947
LIM74,19.1843894411945,23.7134119739792,29.4731877858822,60.1431651741453,0.801868884127005,1.00428246720898,1.30789664632235,1.6947223966962
LIM75,7.22152790407172,10.0003221398075,16.5077769875526,9.36341274767609,0.179177956789329,0.251454324243554,0.438524536695331,0.18332671938636
LIM76,8.65647055862018,10.597295371993,13.2995740350555,8.94096599575999,0.237977115640547,0.302885783869529,0.385018440818085,0.193500980728964
LIM8,18.7371850614659,23.7179227648176,30.7012420307506,35.3860664651061,0.722832790007211,0.95026929930054,1.28849406935952,1.0357809628567
LIM80,10.2383645753691,12.4727021798341,15.7664030287693,10.9115730777067,0.240411425493778,0.306023563172293,0.394226220961827,0.197958884238023
LIM81,14.4951948378505,18.6524580659436,26.9137282371521,24.2923653690862,0.406298829529256,0.528203106540414,0.768151463161815,0.534135076372813
LIM82,13.0235674570975,16.5609019195639,23.2109050750732,18.3273570038847,0.408657258134996,0.541642722453981,0.759881378474988,0.450982295027034
LIM83b,17.7363712715345,22.5859815128234,31.3466581412724,53.4189805978624,0.940777099731879,1.20352761469291,1.63751247474125,1.90188833825064
LIM86,13.1802643022649,15.6557131371437,19.309425493566,15.0924101899177,0.322518149725579,0.39742937550774,0.504237259888068,0.292335274607764
LIM87,1.0805124872906,1.61853343579529,3.30979906433177,0.91099712101215,0.0261229328339936,0.0401533144331141,0.089123851739036,0.0203197734729132
LIM89,18.0038452613723,21.679082749563,27.5321767751561,38.3334368135787,0.478214357104517,0.582477752742708,0.730818542408389,0.728773326377943
LIM9,19.2320618537936,23.7476969161815,30.9561004638672,58.4445341471602,0.788610647763113,0.974928246733343,1.26711113076461,1.47502316083439
LIM90,3.60118515267818,4.32196478211955,5.48510761078643,6.91757263879861,0.126419854807943,0.154318683893123,0.187272851115191,0.187737585351211
LIM91,5.60686413662872,7.17228935371293,10.0236709551427,4.87213221733296,0.175514022584597,0.238846469974405,0.352105629597993,0.116855870424722
LIM92,20.5484647632945,24.6974149481364,29.4514180440751,58.6387955292591,0.59419774487245,0.723657407720037,0.856987486188374,1.11702529181211
LIM93,7.93235662032974,11.2664220657544,20.2995369777841,17.0793191587004,0.37245658151706,0.54008201417251,1.03612366098974,0.712356951667754
LIM94,19.344757893566,22.8504984256263,27.2297602759467,43.5751154304386,0.530651202012918,0.628280714004536,0.719000442822774,0.868009921476663
LIM95,16.1176024664045,20.0546638027389,26.4215326483657,37.9482364352931,0.58433612797272,0.733177073619572,0.977711643096877,1.08109054050039
LIM97,5.30243196605365,7.02301606751827,10.6245502769534,6.67440663098281,0.133097400551505,0.182811080294539,0.290259539942277,0.137755598554537
LIM98,13.7518039487441,17.8544808496716,26.804848196393,29.533274249179,0.548402696090401,0.726753194036463,1.13161971043973,0.923018416721748
LIM99,11.2519310876251,14.4785522955681,21.0524391697513,27.6169657175777,0.505358686676514,0.650289004056228,0.93151526649793,0.939569724478391
LN2,6.00720168401161,8.59074638560398,15.4693660180447,7.46510270271195,0.161162489323575,0.236938930737882,0.461900302755126,0.179123259544494
LN3,12.4900888805612,17.5762318770711,32.9363905191422,39.5270985231519,0.344813717060717,0.481896523184951,0.864193376898766,0.872037783427912
LN4,0.0696010219259526,0.108668694793562,0.256619489608521,0.0310790917979825,0.00100529938460315,0.00159513496196289,0.0038436613000423,0.000408518945545778
LN5,0.429530954560406,0.69685305936641,1.73423444754342,0.352181821050578,0.00802400344410142,0.0134560187772009,0.0354673985481896,0.00596876932377604
P1,11.4851280859594,16.8229788843571,29.8081370879096,39.2420572056992,0.666266597301171,0.986382125062686,1.74425676935824,1.75749882959225
P100,8.35951647129048,11.6276007079024,17.7960187117259,13.6829497743001,0.201641830754689,0.287441474382435,0.484632617334525,0.273668009839534
P103,5.52226579304012,7.57212395010083,13.230750517454,5.81033463550094,0.187946506251134,0.261050357830858,0.500303602567874,0.162485291835507
P104,6.70407678588872,9.94555706746702,17.9723274578919,8.55932077340667,0.230693148535617,0.357481094037629,0.68279736187007,0.262317266860664
P105,0.602479808207892,0.893556998057028,1.84291431059882,0.548143753726077,0.0120900712630046,0.0184477635185631,0.039658905647768,0.00929095689881336
P106,4.90489566385581,7.00572022159838,13.1532599259231,5.21065246374586,0.0952164853934408,0.136678444403612,0.273673926931569,0.0869882367923915
P108,0.560326390045448,0.923687661738641,2.71443052503259,0.756719936369097,0.0303267889664021,0.0496480223892677,0.144254646129976,0.0392105203167321
P110,13.8670625245905,22.4046972069166,40.0391990661621,73.2979573406735,1.49767797450217,2.19249386118383,3.47031394958496,4.52449357901149
P113,12.3469753695091,18.5250623661502,30.9909388139329,38.2467888272459,0.388501629760453,0.562883716442647,0.932119085797207,0.800182790938351
P114,11.5936854506969,16.3801082236712,25.7753784937991,20.302969777563,0.3848824220676,0.54995292895833,0.889598146184451,0.529207753954918
P115,9.27094438659126,12.6016740299486,19.3631680720561,11.498065641393,0.263075893724179,0.374414316876946,0.635953476461204,0.275574244914684
P116,4.50917227727164,6.23740153535996,9.65924301911145,3.95982173177744,0.0853208063947805,0.123178494518771,0.207209828114137,0.0634772382971257
P117,3.35875622460214,5.71348302798257,12.8074971390483,4.61099953562768,0.187494387884466,0.323988048114972,0.798959942587206,0.269072335215927
P118,3.34455426622062,5.77041980451221,13.2817206893056,5.81187359752563,0.188118992019001,0.326351318045643,0.78653992743517,0.321526945895778
P119,11.7754634551584,17.0158698297083,27.3628129489559,25.0318580990797,0.472502244679351,0.674605375747975,1.13477548539853,0.831587330315947
P120,12.7399455191244,18.134642393862,28.7766580041849,21.4652976353938,0.402847590337642,0.585278580272031,1.0074212114766,0.561352901545594
P13,7.54424174469453,11.2397323906569,20.1447914482265,15.5349548067781,0.269540739284488,0.40191051614939,0.755475015727949,0.473103506579917
P14,7.08714459002771,10.1016629495774,17.8637146238691,16.8446480076202,0.276265995374121,0.400273883312636,0.749878785415912,0.583445330603744
P18,0.302018927885478,0.493672970038396,1.28735927019406,0.208905444651517,0.00499534242689013,0.00831130749674112,0.0229486766690154,0.00316394239780748
P19,0.11725550445706,0.182193101019103,0.484151455539605,0.0982489180439627,0.00249912601961923,0.00403073754887864,0.0117573371954282,0.0018854841896279
P2,16.0070289896233,21.034980848805,30.3022465308507,67.9533789161775,0.729419963452926,0.962880744668771,1.37724063071338,1.85220484849641
P20,9.42118439340071,12.9932801007161,21.4836003206049,18.9521838286011,0.299693851909094,0.416437293348791,0.728208572408712,0.476002666164245
P21,12.2804675427127,18.856148322917,35.5512445767721,48.2796892400354,0.753019189252811,1.15643121746663,2.13742999777649,2.15330502053629
P22,12.0041392374433,16.7298483805558,26.8502287320371,25.7945414632113,0.422866657211628,0.598769007444964,1.00284464870562,0.743249214029442
P23,0.266092750094589,0.445824864074131,1.40490974286112,0.16665284442345,0.00621773989100687,0.0107290375556249,0.0398636017669586,0.00369710725743132
P25,11.6609215991432,16.5417797360806,28.451698359542,53.8984711088966,0.488127591248565,0.669721770612211,1.03819933322471,1.43995611467758
P26,12.6813266471835,16.9945063834652,25.7939132815869,28.9339400844833,0.398367436794119,0.546854841737904,0.893409671561168,0.732923175818193
P27,13.004453297209,18.1090687704996,29.9393180218918,48.6488667125949,0.811877683551169,1.18772778893386,2.19446464347613,2.31238856214123
P28,12.7057020546447,18.4922176931604,31.6428927006856,34.7266808552233,0.802328681381118,1.17992556049572,2.02497118094962,1.75448403345799
P29,11.3526854060154,16.976358830497,30.4602557443858,43.8324245043028,0.72097919395411,1.09108500137952,1.97027241649991,2.04088568078883
P32,8.41629175819113,12.3993709857593,20.8939235379175,19.9579781100248,0.283034078150778,0.410550392422711,0.704108800871039,0.495674403389767
P33,4.5946882308446,6.70277896758706,11.2993729596848,7.37496900929326,0.126543175692199,0.1848073698719,0.31703627771739,0.169385900031148
P36,8.24654422238949,13.3510616158478,26.4651724292386,14.7892023407446,0.337969191371932,0.542033661485553,1.09244062429474,0.508051990948382
P37,14.8840240626003,21.2537803050385,34.1656371156375,33.8702287139409,0.766840081256496,1.10381517589383,1.7953095712445,1.40150876428231
P38,11.5183459075952,16.8571303489353,29.7747008271899,38.2611482398934,0.659517618122407,0.977520197861441,1.72989724764294,1.71243401607436
P39,10.7579906902957,16.8836525960328,29.6722708813703,27.6565705364368,0.624635077334899,0.994209362092454,1.81100114746951,1.33536021569346
P4,11.4642853983547,16.5726043617122,29.4522369587316,60.6145120548473,0.78328261086393,1.14599115777884,1.97528986519417,2.64243329338343
P40,12.5343666404449,19.231648961595,29.5822943669099,31.4057337735008,0.497079501515377,0.773232485477098,1.24473385537473,1.01411834845992
P41,8.7838589790984,15.2558996721014,30.922883783068,56.8382375130397,0.797340255015502,1.32687071190299,2.59121559688023,3.22418526605911
P42,1.45979230465529,2.17101046983253,4.77891280850547,1.54964212957096,0.0560950618759018,0.0843693438915599,0.186497695230251,0.0547280893946462
P43,17.0159504317032,23.2543458789143,35.8436609788375,53.2495158756175,0.836440075813661,1.15446666381423,1.87758767648177,1.90681866161783
P44,12.9631007747763,18.3864937016729,29.125093895633,22.9083357490082,0.335626658592213,0.494125743005665,0.890208824378688,0.519499097784833
P45,11.9652936525243,17.4051497185223,30.1391897499561,29.9310929458491,0.537715461403733,0.808810860363229,1.55268248957394,1.17985136701419
P47,10.0428706993452,14.7052064254675,26.7264759429688,36.6143050613169,0.54743696098974,0.826363916849726,1.59355783734571,1.65107328331101
P48,8.63803397817575,13.1707173350915,23.3629704451561,18.4962536518965,0.285151591502804,0.442700837290749,0.82117700240016,0.489584351216209
P5,13.9218209017465,19.7830417930879,31.5004801930122,65.5696034190112,0.875928300810269,1.20490996434015,1.80025017059074,2.50056539363371
P50,16.3073975527513,23.3620371751688,36.0773451063368,38.8589773145361,0.784392201251666,1.11574366657711,1.74976275232103,1.47229141421251
P52,6.30298375171869,8.76759145172553,14.6773579870501,7.01096385739196,0.211437312071892,0.299277598211386,0.520740577878971,0.210742638698847
P53,5.50806682055956,7.97766424729174,13.48419641575,8.91291599319446,0.136425463978377,0.198857110032947,0.357641569506755,0.189475097878046
P55,12.5577533048656,19.0940744870213,35.0752988063928,50.1317434158515,0.844576804313314,1.31089529112139,2.40909827427431,2.46471770242018
P56,9.86635639339996,15.6444615664332,29.5438151700156,19.2682160879924,0.410042324098211,0.649556051550359,1.36300046585855,0.690061091698668
P57,11.8962060696326,19.8165242834545,35.0059917908089,34.4921207390907,0.780416416206924,1.27012104497392,2.44810008079398,1.70694134789072
P58,7.98570619192388,10.8779059183157,18.5368064003331,12.2368754054444,0.194235857090893,0.267109999712416,0.47059424368071,0.249071529800916
P59,6.73846066679479,9.97530418155469,18.356200308539,9.57101829099529,0.199482540117552,0.300121488913782,0.562264957776642,0.241734907963764
P60,2.79409563030407,4.33086468980425,9.05684851740415,2.79107709857639,0.0840782369886571,0.133315172360573,0.310501165838482,0.0754573016722474
P63,7.92314024615464,10.7615722128927,16.9120792034196,11.660285773781,0.2300937943358,0.315989381860587,0.506674332015701,0.282492418803853
P64,6.76709493190025,9.85098550177065,18.1550234358395,10.1567335477753,0.242940939774983,0.363070080753592,0.761817441535372,0.349972417657902
P65,14.6175706987477,18.7582115733798,25.7754650292573,21.9617141044188,0.464590582562021,0.626470288272181,0.938918503125509,0.572425685778184
P66,8.95466294404114,12.0844363912496,19.0861706201066,11.7851557888804,0.246357090367048,0.339856192395522,0.559128784309042,0.272391279604241
P67,3.38346586840353,5.23425542452695,11.0184204986969,4.72418506303489,0.0748267973528376,0.1179937347591,0.269417486789875,0.0985430132935205
P68,15.6215520836559,22.4536791429352,34.3291247458685,38.1469419949036,0.374224885186757,0.537959857579081,0.812589011873518,0.721440871701688
P69,9.30800172677217,13.1447336669169,20.4435157611698,14.5751201877498,0.243919910247286,0.358608348270161,0.603709497671396,0.323547535619495
P7,9.58901815691559,14.713510040731,28.6921310272824,65.2412259409958,0.84382683309916,1.29776730509749,2.38173237275448,3.49258064002479
P70,20.3582767375535,25.0524477539503,30.0598828652326,37.1232758847582,0.553209241984012,0.71399282324715,0.890749033759622,0.744893102855447
P71,15.9669098540583,21.8198389754188,32.8251132577509,46.3516423299735,0.666124123968613,0.942845537794775,1.54758741347583,1.47002171212946
P72,10.9522941442592,15.366623552988,25.2099980784698,23.6864768310653,0.444157336468409,0.649780630828011,1.16308927372059,0.825920188751578
P74,11.7756959680521,15.7211356706232,26.1763544380665,24.5899162693504,0.362802088834663,0.494053964585637,0.871537663973868,0.587782409615286
P8,15.1518617658338,22.884432254891,32.1540828117958,25.9723524052205,0.565430149032934,0.872243286361166,1.35419938380902,0.807543537788423
P80,9.84262897013503,13.9517248711031,25.2339119280921,63.3665238673839,1.02403583337793,1.51974121422863,2.89918276878016,4.30046679901241
P81,13.0742229590976,17.7588035467451,27.4864420971628,77.5367304965904,0.979509535659925,1.41906676590249,2.48470771918863,3.24278257472636
P82,1.51322881999551,2.25588504796845,4.51791179327099,1.34242270458541,0.031995291807599,0.0489378831917383,0.103009867257961,0.0256777627160449
P85,14.4696556485359,21.6726516347143,37.6816299983433,60.8809593360394,1.52356296877506,2.16922026662855,3.49423253195626,3.75901027839726
P86,3.77991172662853,5.34862297472849,9.61692802949498,4.93804486518408,0.123731341274458,0.177995354601906,0.331714709316586,0.140362464565323
P87,11.8909734670349,16.3837249171289,25.6456676196244,53.3818039463564,0.469905131726842,0.635880647088437,0.945440009615179,1.59348366649263
P88,9.71905479269001,13.2566014854563,20.8330699151213,16.9367899661039,0.293680518113992,0.41579362363194,0.69381732404232,0.438409234780349
P89,13.6211471926807,20.5466870167701,33.7683612823486,25.6657967560072,0.636152091261207,0.954366193736509,1.61792097568512,0.958353299096684
P90,7.86045422552548,11.2585916380052,20.222352973633,17.9330064549141,0.233222415657244,0.323133611891714,0.567921095807762,0.414769556352555
P91,11.5193371569726,17.5174215761927,32.1857342286543,55.1092067128872,0.847084416485851,1.27304843451973,2.27527004339007,2.82107444786518
P93,8.54901831106382,12.2209559413296,21.441534386617,21.6314414104072,0.273032871184687,0.374149020581434,0.633756623298765,0.518537761922519
P94,12.8182327887644,17.765122683531,29.5537916962057,22.7568788143504,0.502115405553993,0.708825446010471,1.27217806624249,0.742745517094864
P97,6.71293879342185,9.04993547169788,14.3271908569336,7.28881321128061,0.164608825731976,0.234198344726058,0.408757121354342,0.150565337085608
RS1,10.3839251784687,15.6470078560303,30.6705592314402,22.8281415894579,0.425429519405783,0.632661770607804,1.28073039346271,0.772322704752463
RS3,14.3821971415379,19.116257334607,28.8535327257649,30.2034888118833,0.519460238765498,0.705347319994147,1.10358821975608,0.867230802158934
