FarmID,Updated_na,max_species_body_mass,mean_species_body_mass,median_species_body_mass,CW_max_species_body_mass,CW_mean_species_body_mass,CW_median_species_body_mass,herbivore_fg_own,carnivore_fg_own,hempson_fg,trophic_groups,trophic_groups_hempson,carnivore_fg_own_simple,herbivore_fg_own_simple,total_biomass_ha,total_m_biomass_ha,m_herbi_biomass_ha,n_species_reserve,n_herbi_sp_reserve,elephant_biomass_ha,white_rhino_biomass_ha,white_rhino_yn,browser_biomass_ha,grazer_biomass_ha,mixed_feeder_biomass_ha,grazer_browser_ratio,grazer_mixed_ratio,browser_mixed_ratio,herbi_biomass_ha,prop_biomass_w_occasional_predator,prop_biomass_w_regular_predator,prop_species_w_occasional_predator,prop_species_w_regular_predator,predator_biomass_ha,herbi_fun_red,herbi_fun_div_distq1,herbi_fun_ent,farm_size_ha,latitude,longitude,mean_rainfall,management_for_biodiversity,management_for_species,wildlife_count_every_year,supplementary_food_not_intensive_food,how_many_permanent_water_sources_total,how_many_permanent_water_sources_artificial,non_indigenous_spp_yes,burn_never,bush_clearing_no,how_long_has_your_farm_been_used_for_wildlife_how_long_has_your_farm_been_used_for_wildlife
Farm_1,ALR1,899.9948,198.25282,169.0013,146.372434108537,26.8553294193682,8.41200675324643,7,3,5,6,8,3,3,158.468104285714,118.851078214286,118.580676696429,15,12,0,,,34.90348,48.7000282142857,74.5040607142857,1.39527715328918,0.653656025556037,0.468477552302159,158.107568928571,0.837363022421311,0.287603173457,0.928571428571429,0.357142857142857,0.360535357142857,0.194444444444444,3.18243190120151,9,280,-24.8891667,28.2419444,650,0,0,1,1,5,4,0,0,0,
Farm_2,ALR2,899.9948,174.149808333333,128.80095,167.311310025214,33.8528239874162,16.7311384386234,6,2,4,5,6,2,3,60.2593422360248,45.1945066770186,45.1045218944099,12,9,0,,,22.5890173913044,31.5776614906832,5.97268364389234,1.39792098716251,5.28701390755469,3.78205489159029,60.1393625258799,0.814097470312925,0.0963258352568877,0.9,0.2,0.119979710144928,0.19047619047619,2.58799118433471,7,483,-25.1127778,28.3741667,650,0,0,1,1,6,5,0,0,0,
Farm_3,ALR3,899.9948,194.98715,165.2502,115.344467939627,22.8254363248732,9.96849880364979,7,4,4,6,7,3,3,50.3408034707158,37.7556026030369,37.7014026572668,20,13,0,,,22.1561100650759,18.4296303904555,9.68279642082429,0.831808035631022,1.90333758859371,2.28819331752405,50.2685368763558,1,0.871838739579798,1,0.928571428571429,0.0722665943600868,0.239316239316239,2.56057905090093,9,4610,-24.913504,28.399573,650,0,0,1,1,8,5,0,0,0,1987
Farm_4,ALR4,899.9948,180.08608,86.6004,136.772550571179,25.6064482973098,5.4298270456694,8,2,5,5,7,2,3,71.1360204,53.3520153,53.29955265,15,11,0,,,37.2850656,23.262985,10.5180196,0.623922329910022,2.21172672087434,3.54487508275797,71.0660702,0.84802962131428,0.128050122574528,0.916666666666667,0.25,0.0699502,0.161616161616162,2.70512607396188,9,1000,-24.8400639,28.2447333,650,0,0,0,1,3,1,0,1,0,1995
Farm_5,ALR5,899.9948,190.021371428571,94.3002,147.589276558943,33.7415255811674,10.3073177641365,7,2,4,5,6,2,3,89.7923145744681,67.3442359308511,67.2884246010638,14,10,0,,,14.8071531914894,27.6276038297872,47.2831424468085,1.86582818942311,0.584301347163359,0.313159245034248,89.7178994680851,0.89328313722544,0.19444856739521,0.909090909090909,0.181818181818182,0.0744151063829787,0.15,3.11338957664139,8,940,-24.93305,28.1766166,650,0,0,1,1,,,0,1,0,0
Farm_6,ALR6,899.9948,197.752014285714,169.0013,101.745316245487,18.6619024215881,7.99029182008264,7,3,5,6,8,3,3,75.2004570588235,56.4003427941177,56.3505119558824,21,17,0,,,15.6276357647059,25.8058982352941,33.7004819411765,1.65129893119056,0.765742706004556,0.463721432589113,75.1340159411765,0.887260927184441,0.233035028276935,0.947368421052632,0.368421052631579,0.0664411176470588,0.224598930481283,3.11349264695472,11,1700,-24.944802,28.281502,650,1,1,1,1,,,0,0,0,
Farm_7,ALR7,899.9948,192.86474,135.50065,119.623788323686,19.3484892953519,6.51294456625639,8,2,5,5,7,2,3,37.6335984722222,28.2251988541667,28.2131258958333,20,17,0,,,8.34318277777778,10.2565104722222,19.0178079444444,1.22932827260367,0.539310866014839,0.438703703505168,37.6175011944444,0.867083911680728,0.129398551528073,0.947368421052632,0.210526315789474,0.0160972777777778,0.224598930481283,3.1656360899457,11,3600,-24.931083,27.821724,650,1,1,1,1,,,0,0,1,
Farm_8,ALR8,899.9948,212.663614285714,173.00075,181.126568305985,30.9137517594331,7.42759251480375,7,2,5,5,7,2,3,98.1845203125,73.638390234375,73.5710803710937,14,12,0,,,23.574204296875,23.15526953125,51.3653,0.982229102609392,0.450795956243807,0.458951944150526,98.094773828125,0.874563996367337,0.0922360554686947,0.928571428571429,0.142857142857143,0.089746484375,0.25,2.94193343125479,8,512,-24.858543,27.981095,670,1,0,0,1,8,5,0,0,0,
Farm_9,ALR9,899.9948,215.41220625,170.0014,243.1017336656,33.6812623583319,6.37379148138308,7,1,5,4,6,1,3,138.4173192,103.8129894,103.784676975,16,13,0,,,17.0724972,22.313008,98.9940641,1.30695631333886,0.2253974337033,0.172459807112819,138.3795693,,,0,0,0.0377499,0.205128205128205,2.25588888200032,9,1000,-24.755625,28.4539,500,1,1,1,1,,,0,1,0,
Farm_10,ALR10,899.9948,220.541731578947,171.0015,125.018662204378,20.367917383257,7.58751661469096,7,2,5,5,7,2,3,71.7654997555556,53.8241248166667,53.81646645,19,17,0,,,11.4626683111111,27.2737231333333,33.0188971555556,2.37935203157681,0.826003455077373,0.347154790092148,71.7552886,0.930319127570046,0.0739691429517852,0.947368421052632,0.105263157894737,0.0102111555555556,0.247058823529412,2.65919115421557,10,4500,-24.950802,29.108643,500,1,1,1,0,,,0,0,0,
Farm_11,ALR11,899.9948,214.585805555556,170.0014,91.0102886405392,20.2073476888907,8.60253795501719,7,2,4,5,6,2,3,111.731597568627,83.7986981764706,83.7646098235294,18,15,0,,,17.1795700392157,52.4203496470588,42.086226745098,3.05131906837012,1.24554643409948,0.408199341396569,111.686146431373,0.89887687279911,0.0739573881828757,0.941176470588235,0.117647058823529,0.045451137254902,0.266666666666667,2.79477791912132,9,1275,-24.920058,29.090636,500,1,1,1,0,5,3,0,0,0,
Farm_12,ALR12,899.9948,193.853323076923,175,50.2547270627428,18.613802247677,11.2909516913896,6,1,5,4,6,1,3,84.1276638333333,63.095747875,63.0796541875,13,11,0,,,7.66417216666667,58.17065725,18.2713761666667,7.58994657022427,3.18370421140601,0.41946332321967,84.1062055833333,,,0,0,0.02145825,0.238636363636364,2.47274294288622,8,1200,-25.038078,29.323241,500,1,1,1,1,,,0,0,0,
Farm_13,ALR13,899.9948,238.176409090909,175,138.009019943908,34.7285010268543,13.295022552191,6,2,4,4,6,2,3,90.3294043846154,67.7470532884616,67.7205435576923,11,9,0,,,21.2364930769231,24.1154180769231,44.9421469230769,1.13556499133694,0.536588029899842,0.47252956369155,90.2940580769231,0.846655758517818,0.0670886210584664,0.909090909090909,0.0909090909090909,0.0353463076923077,0.19047619047619,3.14279357818035,7,1300,-24.643555,29.150462,450,1,1,0,0,3,3,0,1,0,1996
Farm_14,ALR14,227.4993,105.622233333333,86.6004,52.0793884917495,14.9250252986608,8.66120812460733,6,1,4,4,5,1,3,43.2409863888889,32.4307397916667,32.4020941666667,9,8,0,,,5.40002666666667,13.7638155555556,24.03895,2.5488421456355,0.572563092629069,0.224636544718745,43.2027922222222,,,0,0,0.0381941666666667,0.166666666666667,2.714474682544,6,360,-24.735352,28.359733,600,1,1,1,1,,,0,0,0,
Farm_15,ALR16,569.9936,140.061346153846,102,49.4343222270803,15.1910916724549,8.67067858708685,7,2,5,5,7,2,3,59.0285898507463,44.2714423880597,44.1417031343284,13,10,0,,,13.2627510447761,12.5134626865672,33.0793904477612,0.943504303467712,0.378285769997134,0.400936984184173,58.8556041791045,1,0.275047628074566,1,0.166666666666667,0.172985671641791,0.15,2.92893482929479,8,335,-24.877433,28.121921,650,0,0,0,1,6,5,0,1,0,
Farm_16,ALR17,1417.49,236.010011111111,82.49995,238.81646310567,39.1889782602877,17.7725604285366,7,4,4,7,7,3,4,51.8091448598131,38.8568586448598,38.6319463492991,18,10,0,,,16.9105670560748,21.701509228972,12.8971855140187,1.28331055706238,1.68265465402381,1.31118274120301,51.5092617990654,0.967851485269931,0.663716153070657,0.916666666666667,0.75,0.299883060747664,0.175,3.42923451305722,8,856,-24.676844,28.023374,650,1,1,1,1,,,0,1,0,
Farm_17,ALR20,899.9948,154.2930625,53.7499,148.437278884001,24.6142660587539,7.66519992332346,8,3,5,6,8,3,3,26.7300288135593,20.0475216101695,19.9978857918432,16,11,0,,,3.79741292372881,8.45019004237288,14.4162447563559,2.22524919256749,0.58615750392607,0.263412073525915,26.6638477224576,0.964244308174963,0.300637979583561,0.916666666666667,0.583333333333333,0.0661810911016949,0.0818181818181818,3.2530132111351,10,1888,-24.674444,28.204343,700,1,0,1,0,2,1,0,1,1,
Farm_18,ALR21,569.9936,126.399775,69.55025,58.6093184528993,21.7222241646836,13.8213816039231,6,2,4,5,6,2,3,43.2853728888889,32.4640296666667,32.4057378333333,12,8,0,,,12.0533906666667,3.500005,27.6542547777778,0.290375139808516,0.126562983820215,0.435860259606505,43.2076504444445,1,0.206959660492635,1,0.222222222222222,0.0777224444444445,0.107142857142857,2.49928500148623,7,900,-23.264477,29.578298,360,1,1,1,1,,,0,1,0,
Farm_19,ALR22,899.9948,174.23602,62.9999,81.8951765849804,29.4803393213179,20.9314080439808,7,4,4,6,7,3,3,58.3196955078125,43.7397716308594,43.4644545410156,15,9,0,,,18.0908484375,10.45896796875,29.4027896484375,0.578135846136984,0.355713457593838,0.61527659973112,57.9526060546875,1,0.812954903684211,1,0.777777777777778,0.367089453125,0,2.72993624561633,9,512,-22.798499,29.324207,380,1,1,1,0,,,0,1,1,2007
Farm_20,ALR23,899.9948,194.620684210526,136.0003,148.251289640074,26.0791859851429,8.44490282441667,8,3,5,6,8,3,3,63.89769425,47.9232706875,47.864700421875,19,14,0,,,14.616384875,17.4668554375,31.73636025,1.19501884952246,0.550373618773754,0.460556433058514,63.8196005625,0.858978308847512,0.239726753068864,0.928571428571429,0.285714285714286,0.0780936875,0.228571428571429,3.25605837844982,10,1600,-24.731814,27.695897,550,1,1,1,1,,,0,0,0,
Farm_21,ALR24,899.9948,187.509433333333,169.0013,142.66890773706,31.2700575553878,10.4517309667554,6,4,4,6,7,3,3,52.0177270342205,39.0132952756654,38.9643456844106,15,9,0,,,17.6046308745247,10.1464152091255,24.2014148288973,0.576349216376251,0.419248844782839,0.727421557747284,51.9524609125475,1,0.723353438791127,1,0.8,0.0652661216730038,0.19047619047619,2.54989829205037,7,2630,-22.754581,29.667151,400,0,0,0,0,8,7,0,1,1,2003
Farm_22,ALR25,899.9948,200.278647368421,169.0013,49.8916832731071,15.0791801577987,10.8958564417861,7,3,5,6,8,3,3,144.746105493562,108.559579120172,108.519359195279,19,14,0,,,21.215737167382,56.1684888841202,67.3082528755365,2.64749173884357,0.834496313371624,0.315202612770431,144.692478927039,0.981313147312999,0.259602152430452,0.9375,0.3125,0.0536265665236051,0.238095238095238,2.65714815404929,9,2330,-23.338702,29.729368,390,1,1,0,1,8,6,0,1,0,1998
Farm_23,ALR26,213.501,82.61875,53.7499,47.3910013157,25.6137927513086,21.1912739376948,5,3,2,6,5,3,3,69.3078991666667,51.980924375,51.2749875,8,4,0,,,7.1167,17.9999,43.25005,2.52924810656625,0.416182177824072,0.164547786649958,68.36665,1,0.63261912057999,1,0.6,0.941249166666667,0,2.48003149881513,4,120,-23.802557,29.540393,550,0,0,1,0,3,2,0,1,0,1996
Farm_24,ALR27,179.999,72.0498,52.5001,48.9420987405729,28.8503192002087,20.954701771633,4,1,1,4,2,1,3,65.1991209836066,48.8993407377049,48.8360213114754,5,3,0,,,0,17.7048196721312,47.4098754098361,,0.373441598803652,,65.1146950819672,,,0,0,0.0844259016393443,0,2.42734536364962,3,305,-23.814254,29.531142,600,0,0,1,0,3,3,0,1,1,
Farm_25,ALR28,1417.49,248.154583333333,152.5008,210.672782756164,29.561769213326,5.8067548824536,9,3,5,7,8,3,4,36.0801155,27.060086625,27.0336139921875,18,14,0,,,17.246086875,11.73904884375,7.0596829375,0.680678981199322,1.66282947090922,2.44289821903918,36.04481865625,0.716760573902076,0.151257332627879,0.866666666666667,0.266666666666667,0.03529684375,0.194805194805195,3.3234942043827,11,3200,-24.785338,27.674639,550,1,0,1,1,10,3,0,0,0,
Farm_26,ALR30,899.9948,214.605564705882,171.0015,179.063284469738,29.5139719105359,10.2974379759045,7,2,5,5,7,2,3,45.25236875,33.9392765625,33.9261609,17,13,0,,,15.62123,15.8829607,13.7306905,1.01675480739993,1.15674886852923,1.13768713962346,45.2348812,0.80103964548491,0.0918264708518788,0.928571428571429,0.142857142857143,0.01748755,0.239316239316239,2.9536064559144,9,4000,-24.642929,27.132158,450,1,1,0,1,,,0,1,0,1970
Farm_27,ALR31,899.9948,161.528515789474,86.6004,232.78841241139,24.0380136672588,4.92983415837646,7,4,5,6,8,3,3,98.937327625,74.20299571875,74.14426140625,19,13,0,,,6.99269725,20.3250175,71.5413004583333,2.90660624553709,0.284101873600097,0.0977435020778333,98.8590152083334,1,0.561248620149343,1,0.866666666666667,0.0783124166666667,0.184615384615385,2.64509962434676,10,2400,-26.82666667,28.66527778,900,1,1,1,1,9,3,1,1,0,20
Farm_28,ALR32,899.9948,217.517323529412,171.0015,90.8506175825711,25.7084588117979,11.4499272212716,7,2,5,5,7,2,3,26.76088494,20.070663705,20.060171175,17,13,0,,,6.1620018,10.4315066,10.1533865,1.69287626628087,1.02739185590936,0.606891286961252,26.7468949,0.899054286110797,0.00970215051018876,0.933333333333333,0.0666666666666667,0.01399004,0.240384615384615,2.65106278229653,8,5000,-24.983048,27.367281,550,1,1,1,1,,,0,1,0,
Farm_29,ALR33,899.9948,183.9245375,135.50065,110.304340686252,24.9646035305751,8.3473930054222,7,2,5,5,7,2,3,52.4716607714286,39.3537455785715,39.33875625,16,12,0,,,13.0228531428571,11.7600325714286,27.6687892857143,0.903030422168186,0.425028809536687,0.47066942497484,52.451675,0.877438913328997,0.109516050454333,0.928571428571429,0.142857142857143,0.0199857714285714,0.194444444444444,3.02393689049092,9,3500,-24.851108,28.044253,650,1,1,1,1,20,18,0,1,0,
Farm_30,ALR34,569.9936,147.006985714286,135.50065,99.1734720735219,19.3570051074421,11.2826056668509,7,1,5,4,6,1,3,55.7298201,41.797365075,41.76905265,14,11,0,,,8.121291,18.9200382,28.650741,2.32968356878235,0.660368197806821,0.28345832311981,55.6920702,,,0,0,0.0377499,0.204545454545455,2.88321547659119,8,1000,-24.634186,27.190172,450,0,0,1,1,,,0,1,0,
Farm_31,ALR35,899.9948,220.552786666667,175,116.507724624396,35.2480736953556,15.4915075580981,7,2,5,5,7,2,3,67.8684678918919,50.9013509189189,50.8729927297297,15,11,0,,,16.6162067027027,18.8918408108108,32.3226094594595,1.13695268413687,0.584477587878722,0.514073800988857,67.830656972973,0.870903415167403,0.139297980222694,0.909090909090909,0.181818181818182,0.0378109189189189,0.204545454545455,2.89086523705917,8,1850,-24.023839,30.584325,450,1,1,0,1,,,0,1,0,
Farm_32,ALR36,899.9948,203.105223529412,86.6004,110.027720755511,29.5139120008096,16.504116547121,8,3,5,6,8,3,3,25.2758008,18.9568506,18.9300756214286,17,12,0,,,6.20142702857143,8.30068071428572,10.7379930857143,1.33851139036911,0.773019748478778,0.577521980045018,25.2401008285714,0.87774627058344,0.199348841405862,0.916666666666667,0.333333333333333,0.0356999714285714,0.133333333333333,3.12526285798977,10,3500,-24.494345,30.927875,750,1,1,1,1,,,0,0,0,
Farm_33,ALR37,569.9936,147.09966,110.7507,129.922451220086,32.6799931412863,16.3289808979049,7,1,5,4,6,1,3,31.2897878333333,23.467340875,23.4437471875,10,7,0,,,6.5875325,3.79166791666667,20.8791291666667,0.575582422806516,0.181600864978604,0.315508010291777,31.2583295833333,,,0,0,0.03145825,0,2.71549967133648,7,1200,-24.358761,30.945397,450,0,1,1,1,,,0,1,0,
Farm_34,ALR38,899.9948,182.556392857143,70.80005,154.380569749609,40.7427988347009,16.8105709905392,7,3,5,6,8,3,3,63.0855135,47.314135125,47.2204227,14,9,0,,,19.3537326,19.3149522,24.2918788,0.997996231486633,0.795119733595905,0.796716168368171,62.9605636,0.82846504252068,0.194777258950712,0.888888888888889,0.333333333333333,0.1249499,0.0972222222222222,3.0872398081056,8,1000,-24.358761,30.945397,500,1,1,0,1,15,10,0,1,0,
Farm_35,ALR39,4400,355.299652,161.4991,257.164932063353,33.9713350094424,8.06947492679632,8,4,5,7,8,3,4,49.7844180688705,37.3383135516529,37.3301286570248,25,17,2.90909090909091,,,8.79132253443526,17.7611454269972,23.2210369146006,2.02030415303585,0.764873054218766,0.378593021783088,49.7735048760331,0.941553424531056,0.861854009379758,0.947368421052632,0.894736842105263,0.0109131928374656,0.25668449197861,3.10875175752946,11,36300,-24.464103,27.254727,472,1,1,0,1,,,1,0,0,1989
Farm_36,ALR40,580.0027,188.424508333333,133.2997,125.461667498067,36.616315925004,17.0000755684027,6,1,4,4,5,1,3,80.4648272666667,60.34862045,60.3297455,12,9,0,,,7.12587,37.6997903333333,35.6140003333333,5.29055263895262,1.05856657439428,0.200086200182642,80.4396606666667,,,0,0,0.0251666,0.158730158730159,2.52283921562064,7,1500,-24.586141,27.147823,450,1,1,1,1,,,0,1,0,
Farm_37,ALR41,4400,402.751327272727,74.80015,331.543354282135,52.9005365336995,11.1260533861445,9,4,5,7,8,3,4,54.52854508,40.89640881,40.87549886,22,13,4.10666666666667,,,19.1312673333333,17.24204608,18.1273517333333,0.901249550256315,0.951161886945383,1.05538126113336,54.5006651466667,0.924649237663151,0.640755271261783,0.923076923076923,0.769230769230769,0.0278799333333333,0.184615384615385,3.81238474809242,10,15000,-24.398697,30.988256,450,1,1,0,0,5,4,0,0,0,
Farm_38,ALR42,161.4991,52.8747666666667,34.3748,-Inf,,,1,3,0,3,2,2,3,0.102338258064516,0.0767536935483871,,6,,0,,,0,0,0,,,,,,,,,0.102338258064516,,,,3100,-24.161789,31.394978,500,1,1,1,0,9,8,0,0,0,
Farm_39,ALR43,4400,455.499347368421,86.6004,894.507729471631,120.370701504815,15.9126726356541,9,4,4,7,7,3,4,50.5447912666667,37.90859345,37.8755810416667,19,11,10.2666666666667,,,14.5246637333333,14.0627322444444,21.9133787444444,0.968196751582704,0.64174185133407,0.662821735649309,50.5007747222222,0.796702788756448,0.494333080225739,0.909090909090909,0.727272727272727,0.0440165444444444,0.0818181818181818,4.40929341479137,10,9000,-24.272353,30.612933,500,1,1,1,0,,,0,0,0,
Farm_40,ALR44,569.9936,147.09966,110.7507,180.410197436215,41.1266727210265,13.9933889200631,7,1,5,4,6,1,3,35.0376077222222,26.2782057916667,26.2624766666667,10,7,0,,,9.96949333333333,3.79167,21.2554722222222,0.380327251669092,0.178385592206974,0.469031844087209,35.0166355555556,,,0,0,0.0209721666666667,0,2.60318418966736,7,1800,-23.459192,27.569967,450,0,0,1,0,20,20,0,1,0,
Farm_41,ALR45,899.9948,194.039486666667,169.0013,135.689675809929,27.6645373812757,10.2023223323855,7,1,5,4,6,1,3,79.8378475333333,59.87838565,59.8595107,15,12,0,,,18.684162,24.3833413333333,36.7451776,1.30502729174224,0.663579357236073,0.50847929498101,79.8126809333333,,,0,0,0.0251666,0.194444444444444,2.81131420935057,9,1500,-23.494917,27.613092,450,0,0,0,1,10,10,0,1,1,
Farm_42,ALR46,899.9948,197.23721,152.5008,162.596096521533,26.2707279242979,6.2968490310742,6,4,4,6,7,3,3,30.64986722,22.987400415,22.97881792,20,14,0,,,5.22301002666667,9.68101436,15.7343995066667,1.85353164374039,0.615277014918692,0.331948481697931,30.6384238933333,1,0.546019569574099,1,0.8125,0.0114433266666667,0.267857142857143,2.42211038653829,8,15000,-23.488617,27.589028,480,1,1,0,1,,,0,1,0,
Farm_43,ALR47,569.9936,144.049875,127.80085,175.553026899315,29.8512466060034,13.5038158522911,7,1,5,4,6,1,3,46.2906261875,34.717969640625,34.700274375,12,9,0,,,7.744569375,13.4719546875,25.0505084375,1.73953567140717,0.537791666828319,0.309158171153387,46.2670325,,,0,0,0.0235936875,0.0972222222222222,2.64523666952669,8,1600,-23.991013,30.579836,450,0,0,1,0,15,15,0,1,0,
Farm_44,ALR49,4400,479.015961111111,124.04975,794.081345392002,106.53168844357,11.6298341215375,9,3,4,6,6,2,4,101.324366246479,75.9932746848592,75.9740520475352,18,11,18.2816901408451,,,12.2971354788732,12.4733679929577,76.5282325915493,1.01433118423289,0.162990409820795,0.160687566698504,101.29873606338,0.819526966956363,0.738424083020452,0.909090909090909,0.727272727272727,0.0256301830985916,0.0818181818181818,3.23188467271815,10,14200,-24.435302,31.096936,550,1,1,1,0,5,50,0,0,0,
Farm_45,ALR50,899.9948,216.770194117647,171.0015,107.213598152543,25.8383825794291,7.97174730539243,7,1,5,4,6,1,3,84.1968368888889,63.1476276666667,63.1318985416667,17,14,0,,,15.053728,28.416687,40.7054497222222,1.88768436629119,0.698105221632929,0.369820947876219,84.1758647222222,,,0,0,0.0209721666666667,0.267857142857143,2.79505744877884,8,1800,-23.504033,27.633072,450,0,1,1,1,,,0,1,0,
Farm_46,ALR51,102,53.0201,52.5001,25.4295414926978,18.000712606994,23.0372085386618,3,1,2,4,3,1,3,60.7489622222222,45.5617216666667,45.1617216666667,5,3,0,,,0,0,60.2156288888889,,,,60.2156288888889,,,0,0,0.533333333333333,0.166666666666667,1.45950000526557,2,45,-24.889722,28.225278,650,1,1,1,1,,,0,1,0,2000
Farm_47,JM01,569.9936,204.915683333333,173.00075,124.683249479231,34.0795351927364,15.2575486487145,4,0,3,2,3,0,2,67.2450219354839,50.4337664516129,50.4337664516129,6,6,0,,,5.69032258064516,27.1032516129032,34.4514477419355,4.76304308390023,0.786708640400973,0.165169331148853,67.2450219354839,,,0,0,,0.133333333333333,3.31433005036645,5,155,-34.096685,18.93168,800,0,0,1,1,1,1,0,1,0,
Farm_48,JM02,899.9948,236.699330769231,175,57.1993994590086,17.8239639607176,6.18195203500379,6,0,5,3,5,0,3,52.8372280232558,39.6279210174419,39.6279210174419,13,13,0,,,4.16335744186047,23.0331522093023,25.640718372093,5.53235040011592,0.898303700974746,0.16237288602615,52.8372280232558,,,0,0,,0.239316239316239,2.67797851633019,9,860,-34.044798,22.002392,,0,0,1,0,11,0,0,1,0,
Farm_49,JM03,4400,548.331364705882,175,703.420186313468,86.0225584623661,9.81811035755193,8,3,5,6,8,3,4,8.66924998518518,6.50193748888889,6.4984076375,17,13,1.38518518518519,,,0.691757785185185,1.17152814814815,6.80125758333333,1.69355253130187,0.172251695189285,0.101710275887853,8.66454351666667,0.840131775837848,0.762565187339712,0.928571428571429,0.785714285714286,0.00470646851851852,0.125874125874126,2.8734201923624,11,54000,-33.7268528,20.6006453,250,0,0,1,0,,,0,1,1,
Farm_50,JM04,569.9936,232.79898,179.999,416.752344076564,93.4379984130583,18.3184273958863,4,0,3,2,3,0,2,9.77532523510972,7.33149392633229,7.33149392633229,5,5,0,,,1.42743573667712,0.141065047021944,8.20682445141066,0.0988240965231294,0.0171887491754129,0.173932773282577,9.77532523510972,,,0,0,,0,1.69758773489032,5,6380,-33.756324,20.373678,190,0,0,0,1,10,6,0,1,1,
Farm_51,JM05,569.9936,171.027557142857,169.0013,435.499009081397,79.32034317949,8.68595135534383,4,1,3,3,4,1,3,8.68555790697674,6.51416843023256,6.50602308139535,7,6,0,,,0.0305813953488372,0.837204651162791,7.80691139534884,27.3762737642586,0.107238907778763,0.0039172207548118,8.67469744186047,1,0.235958072018007,1,0.833333333333333,0.0108604651162791,0.133333333333333,1.5541393794993,5,4300,-33.72325,20.3521777,,0,0,1,1,8,1,0,1,0,
Farm_52,JM06,169.0013,100.25065,100.25065,154.593983380306,78.6396750704596,78.6396750704596,2,0,1,2,1,0,2,4.6187825,3.464086875,3.464086875,2,2,0,,,0.39375,0,4.2250325,,,0.0931945493910402,4.6187825,,,0,0,,0,1.3286351972167,2,800,-32.854074,21.94897,200,0,0,1,0,2,2,0,1,1,
Farm_53,JM07,569.9936,199.785057142857,171.0015,75.0749747655443,22.6203824805837,16.0431129057641,4,0,3,2,3,0,2,15.1465181,11.359888575,11.359888575,7,7,0,,,2.52,5.036521,7.5899971,1.99861944444444,0.663573507821235,0.332015937133889,15.1465181,,,0,0,,0.119047619047619,3.0587991610192,6,2000,-32.843039,21.654327,200,0,0,1,1,6,5,0,1,1,
Farm_54,JM08,179.999,81.812225,66.75,77.5187039901043,32.5790328724428,14.2442201268545,4,1,2,3,3,1,2,4.29045956093558,3.21784467070168,3.21572886745999,4,3,0,,,1.93885925318014,1.84652236356176,0.50225687320476,0.952375661375661,3.67645016339869,3.86029411764706,4.28763848994666,,,0,0,0.0028210709889208,0,2.3824507168751,3,4874,-31.919065,23.203898,225,0,0,1,0,12,12,0,1,1,
Farm_55,JM09,4400,605.6134,175,1327.34930079236,173.311694650197,20.9969381904783,6,2,3,5,5,2,3,9.78205626666667,7.3365422,7.29272995,11,9,2.93333333333333,,,0.735,2.8926641,6.09597583333333,3.93559741496599,0.474520270271194,0.120571344128524,9.72363993333333,0.698329704365373,0.698329704365373,0.9,0.9,0.0584163333333333,0.222222222222222,3.75234448970926,6,3000,-33.59083333,19.43305556,,1,0,1,1,6,0,0,1,0,10
Farm_56,JM10,899.9948,234.275810526316,179.999,212.213684984759,17.9114932020159,6.28498811259435,8,1,4,4,5,1,3,18.3723229,13.779242175,13.77872655375,19,18,0,,,2.53700192,5.95389351,9.880739975,2.34682262676411,0.602575669946218,0.256762340312473,18.371635405,,,0,0,0.000687495,0.277777777777778,2.75915669034754,12,20000,-28.896207,21.776387,250,1,0,0,0,,,1,1,0,
Farm_57,JM11,899.9948,183.992654545455,170.0014,87.9364433671501,10.6373386175563,5.00704155496299,8,1,5,4,6,1,3,50.2232845436893,37.667463407767,37.6637134223301,22,20,0,,,19.3835121553398,9.51173240776699,21.32304,0.490712536073948,0.446077689099068,0.909040744440746,50.2182845631068,,,0,0,0.00499998058252427,0.269230769230769,3.64456684000788,13,5150,-28.838795,23.642812,350,1,0,0,1,,,1,1,0,10
Farm_58,JM12,569.9936,160.0189,171.0015,161.278208312932,23.5850718602546,8.70937161722344,7,1,4,4,5,1,3,50.3750267,37.781270025,37.7716138125,13,11,0,,,2.2872585,19.3550075,28.71988575,8.4620988401617,0.673923554866509,0.0796402367303986,50.36215175,,,0,0,0.01287495,0.238636363636364,2.448912588762,8,2000,-28.88,24.5,350,0,0,0,0,6,6,0,1,1,20
Farm_59,JM13,569.9936,167.48469,170.0014,198.173364788176,34.7270899434561,8.06986760396925,7,1,3,4,4,1,3,16.397805325,12.29835399375,12.2957758875,10,9,0,,,4.97877,3.473245,7.94235285,0.697611056546095,0.437306811419238,0.626863360773502,16.39436785,,,0,0,0.003437475,0.19047619047619,2.3050856780177,7,4000,-29.841958,24.652238,300,0,0,1,0,9,9,0,1,1,
Farm_60,JM14,13.7499,13.7499,13.7499,-Inf,,,1,1,0,1,1,1,1,0.00274998,0.002062485,,1,,0,,,0,0,0,,,,,,,,,0.00274998,,,,5000,-28.414443,24.063078,350,1,0,1,1,,,1,1,0,12
Farm_61,JM15,899.9948,218.849576190476,175,156.65399961982,18.1671040604907,4.10956217986391,8,1,4,4,5,1,3,35.1409753545454,26.3557315159091,26.3547940227273,21,20,0,,,7.35684072727273,9.79997463636364,17.98291,1.3320900913396,0.544960445020502,0.409101793162104,35.1397253636364,,,0,0,0.00124999090909091,0.266666666666667,2.54508025467681,12,11000,-28.494048,23.690553,350,0,0,0,0,,,1,1,0,
Farm_62,JM16,899.9948,215.167282352941,169.0013,205.757397584735,19.7807183170778,3.69998056552314,8,1,5,4,6,1,3,49.6299136857143,37.2224352642857,37.2194888571429,17,16,0,,,5.13285462857143,15.3269496,29.1661809142857,2.98604786402567,0.525504166796579,0.175986518209428,49.6259851428572,,,0,0,0.00392854285714286,0.227272727272727,2.45652499875789,11,3500,-28.56279,24.447872,350,1,1,0,1,,,1,0,0,1997
Farm_63,JM17,569.9936,156.534814285714,102,46.347135502231,19.8305028343504,14.4143984865805,5,1,2,3,3,1,2,6.85231888888889,5.13923916666667,5.13541975,7,6,0,,,1.75,1.49721425925926,3.60001207407407,0.855551005291005,0.415891454931952,0.486109480743923,6.84722633333333,,,0,0,0.00509255555555556,0,2.69159638136305,6,2700,-29.810473,24.416752,300,0,0,1,1,3,3,0,1,1,
Farm_64,JM18,169.0013,69.15022,31.5,55.5128830661198,21.5253075268984,14.3298898680877,4,1,2,3,3,1,2,2.71151892105263,2.03363919078947,2.03092539473684,5,4,0,,,0.165789473684211,0.310525263157895,2.23158578947368,1.87300952380952,0.139150045058824,0.0742922250474232,2.70790052631579,,,0,0,0.00361839473684211,0,2.39929568033282,4,3800,-27.823457,22.732432,375,0,0,1,0,13,13,0,1,0,
Farm_65,JM19,569.9936,160.667571428571,170.0014,192.170630082267,22.1850321274941,5.43433068178932,8,1,4,4,5,1,3,25.36314285,19.0223571375,19.01977903125,14,13,0,,,3.24189,7.398141875,14.7196735,2.28204592845531,0.502602308060705,0.220241977513971,25.359705375,,,0,0,0.003437475,0.239316239316239,2.9283484792698,9,4000,-27.509395,23.3043003,,1,0,0,1,6,6,1,1,1,
Farm_66,JM20,227.4993,110.437625,100.25065,58.4605477443116,40.9596016409353,50.4083947295053,4,1,2,3,3,1,2,8.75232790123457,6.56424592592593,6.55788023148148,4,3,0,,,3.88888888888889,2.24690666666667,2.60804475308642,0.577776,0.861529183503322,1.49111279025664,8.74384030864198,,,0,0,0.00848759259259259,0,2.17871827762854,3,1620,-27.545541,23.085092,350,0,0,0,0,3,3,0,1,0,
Farm_67,JM21,899.9948,248.703763636364,175,243.121897172947,34.3154013347426,9.03850321085818,6,1,4,3,5,1,2,11.1380485416667,8.35353640625,8.352104125,11,10,0,,,1.97923502777778,2.85278505555556,6.30411875,1.44135740097454,0.452527176071288,0.313959033176172,11.1361388333333,,,0,0,0.00190970833333333,0.175,2.69101341312464,8,7200,-27.9577,22.7101,175,0,0,0,1,2,2,0,1,1,
Farm_68,JM22,899.9948,227.4764,171.0015,193.101716420953,38.1799414856856,9.94322796294966,8,1,4,4,5,1,3,107.881608571429,80.9112064285714,80.8964743928571,11,10,0,,,28.9477234285714,32.8729012857143,46.0413411428572,1.13559539031897,0.713986614414993,0.628733279917985,107.861965857143,,,0,0,0.0196427142857143,0.175,2.88643986366761,8,700,-27.8053,22.744127,,0,0,0,1,1,1,0,1,0,
Farm_69,JM23,569.9936,162.312191666667,170.0014,16.4165814511204,8.40688176382362,9.46837245983844,8,1,4,4,5,1,3,8.69953362083333,6.524650215625,6.52422053125,12,11,0,,,4.1154175,1.77666416666667,2.80687904166667,0.431709338521952,0.632967840898381,1.46618982824296,8.69896070833334,,,0,0,0.0005729125,0.0818181818181818,3.07854341734668,10,24000,-31.039487,23.794848,250,0,0,1,0,100,100,0,1,1,
Farm_70,JM24,569.9936,150.656353333333,169.0013,118.892497959563,17.4399957298006,3.91430536039402,8,1,4,4,5,1,3,27.33209412,20.49907059,20.49494562,15,14,0,,,10.500048,5.11379204,11.71275412,0.48702558693065,0.436600306606624,0.896462769765716,27.32659416,,,0,0,0.00549996,0.238095238095238,2.91375713836592,9,2500,-33.194817,23.921263,275,0,0,1,1,,,1,0,1,1997
Farm_71,JM25,569.9936,175.320871428571,171.0015,134.210391447487,41.5214464011471,19.0233410900411,7,1,4,4,5,1,3,5.83032975925926,4.37274731944445,4.37083761111111,7,6,0,,,2.15186111111111,1.91482592592593,1.76109644444444,0.889846429232232,1.0872919151966,1.22188714757751,5.82778348148148,,,0,0,0.00254627777777778,0,2.71329750674216,6,5400,-33.358611,23.649167,250,0,0,0,1,12,10,0,1,1,
Farm_72,JM26,899.9948,187.631964285714,170.0014,94.1774805237313,18.8235849078028,6.01765377277971,8,1,4,4,5,1,3,21.5131653333333,16.134874,16.1262803125,14,13,0,,,11.933362,4.83791725,4.73042783333333,0.405411086163313,1.02272297991933,2.52268133463756,21.5017070833333,,,0,0,0.01145825,0.239316239316239,2.57824244153914,9,1200,-33.300027,23.502435,150,1,0,1,1,9,9,1,0,1,2010
Farm_73,JM27,175,80.562475,66.75,69.0742259585811,32.6429499008954,25.5993438589297,4,1,3,3,4,1,2,4.37455268336315,3.28091451252236,3.27169051878354,4,3,0,,,0.450805008944544,1.72182468694097,2.18962432915921,3.81944444444444,0.786356209150327,0.205882352941177,4.36225402504472,,,0,0,0.0122986583184258,0,2.64772843775241,3,1118,-33.491503,23.592478,,0,0,1,0,8,8,0,0,1,
Farm_74,JM28,54.9997,34.3748,34.3748,-Inf,,,1,2,0,2,2,2,2,0.0308294170403587,0.0231220627802691,,2,,0,,,0,0,0,,,,,,,,,0.0308294170403587,,,,2230,-33.584722,23.401111,350,1,0,0,0,1,0,0,1,1,
Farm_75,JM29,213.501,123.1392,169.0013,173.019422115286,24.3916842281723,3.42430859457286,7,1,4,4,5,1,3,16.4676003,12.350700225,12.349411171875,9,8,0,,,13.8163125,1.469251375,1.1803176875,0.106341788013263,1.24479315235204,11.7055879500238,16.4658815625,,,0,0,0.0017187375,0.107142857142857,1.28374221294148,7,8000,-33.293917,24.368419,230,0,0,1,0,20,20,0,1,1,15
Farm_76,JM30,179.999,121.035814285714,169.0013,24.3543350768649,14.2208388313079,13.3262356471188,4,1,2,3,3,1,2,3.60338419,2.7025381425,2.7015069,7,6,0,,,0.378,1.4580066,1.7660026,3.85716031746032,0.825597085757405,0.214042719982405,3.6020092,,,0,0,0.00137499,0.25,2.64670449775715,4,10000,,,300,0,0,1,0,50,50,0,1,1,
Farm_77,JM31,102,49.9375,42.00005,32.5990756743696,16.4204225250624,13.2422499437162,4,1,2,4,3,1,3,1.59804241666667,1.1985318125,1.196813075,4,3,0,,,0.17325,0,1.42250076666667,,,0.121792552988196,1.59575076666667,,,0,0,0.00229165,0,2.14735488590207,3,6000,-33.287378,23.459178,280,0,0,1,0,19,16,0,1,1,
Farm_78,JM32,899.9948,199.3650875,170.0014,112.64035198959,21.2649170391342,6.06725277391676,8,1,4,4,5,1,3,59.3914913529412,44.5436185147059,44.5375523823529,16,15,0,,,26.9777164705882,16.1059152941176,16.2997714117647,0.597008101544722,0.988106819859624,1.65509784088852,59.3834031764706,,,0,0,0.00808817647058823,0.233333333333333,2.41352259349932,10,1700,-33.251322,25.956423,480,0,0,1,1,17,15,1,0,1,
Farm_79,JM33,4400,374.317909090909,131.74955,856.650601835485,69.9701099538143,8.64565943719114,9,4,5,7,8,3,4,56.787949689441,42.5909622670808,42.5591317199683,22,16,11.047971455002,,,8.50104215673318,23.0599347561781,25.1845320470464,2.71260091774909,0.915638802146518,0.337550133584085,56.7455089599577,0.805306681401026,0.710988094738084,0.944444444444444,0.888888888888889,0.0424407294832827,0.1875,3.58117143793991,12,7567,-33.512922,26.142395,437,0,0,1,0,29,5,0,0,1,
Farm_80,JM34,4400,519.622693333333,175,411.354817695233,51.3217167433007,14.767036646611,7,2,4,6,6,2,4,153.426205756698,115.069654317524,115.018808282042,15,12,14.3374366401159,,,11.7305622013034,48.1462223026792,93.48162653874,4.10434056581957,0.515034066964237,0.125485217102444,153.358411042723,0.906510268705629,0.830019112325328,0.928571428571429,0.857142857142857,0.0677947139753802,0.238095238095238,4.04447667070614,7,2762,-33.6119,26.675163,830,1,0,1,0,,,0,0,0,
Farm_81,JM35,569.9936,159.67455,138.5,94.1746589986154,20.1298029065702,8.34807967499998,8,1,5,4,6,1,3,34.50582695,25.8793702125,25.874214,12,11,0,,,5.770029,14.439971,14.288952,2.50258204941431,1.01056893465665,0.403810510385926,34.498952,,,0,0,0.00687495,0.141414141414141,3.1727261341376,9,2000,-33.378839,25.37351,600,0,0,1,1,5,5,0,1,1,
Farm_82,JM36,4400,414.374304166667,165.2502,1594.23290944263,100.450196841233,4.70361502625103,10,4,5,7,8,3,4,36.44416014,27.333120105,27.323485635,24,18,13.2,,,5.614050272,8.215917088,22.60134682,1.46345627308982,0.363514491124472,0.248394501297246,36.43131418,0.637674338763039,0.569985748342829,0.95,0.85,0.01284596,0.213675213675214,3.87856410788438,13,25000,-33.507255,25.986587,525,1,0,1,0,20,20,0,0,1,1992
Farm_83,JM37,4400,494.504368421053,171.0015,1189.12638127839,85.3553610091644,7.73917108093392,10,2,5,6,7,2,4,57.0005345,42.750400875,42.7372572,19,17,15.4,,,12.5305098,15.55971795,28.89278185,1.2417466007648,0.538533050599972,0.43368997367763,56.9830096,0.72974400425491,0.585228141407259,0.947368421052632,0.842105263157895,0.0175249,0.196078431372549,4.43378050697966,12,10000,-33.580967,26.617021,625,1,0,1,0,2,0,0,0,1,
Farm_84,JM38,580.0027,180.60082,52.5001,554.619769994863,139.314471307888,1.00062089979501,5,1,3,4,4,1,3,175.887796068796,131.915847051597,131.890509398034,5,4,0,,,3.18123095823096,0,172.672781572482,,,0.0184234650606795,175.854012530713,,,0,0,0.0337835380835381,0,1.13895128651913,4,407,-33.7146,26.514275,800,0,0,1,0,,,0,1,0,
Farm_85,JM39,899.9948,222.310735714286,173.00075,125.301892879145,24.7195093721621,4.00320439784236,7,1,4,4,5,1,3,71.8409763333333,53.88073225,53.869274,14,13,0,,,24.6183422222222,24.5261661111111,22.6811903333333,0.996255795362699,1.08134386911195,1.08540785824816,71.8256986666667,,,0,0,0.0152776666666667,0.239316239316239,2.81615033814235,9,900,-33.449021,25.410952,400,0,0,1,1,2,2,0,1,1,
Farm_86,JM40,213.501,74.3336444444445,43.2504,113.821126797937,19.8627585749975,5.96479343251049,7,1,4,4,5,1,3,9.24572498461538,6.93429373846154,6.93132259615385,9,7,0,,,5.40214061538462,1.22039007692308,2.61923276923077,0.225908609903185,0.465934181665529,2.06248970265104,9.24176346153846,,,0,0,0.00396152307692308,0,2.47338460108947,7,6500,-32.52088,25.60926,350,0,0,1,0,50,50,1,1,1,
Farm_87,JM41,213.501,105.33516,94.3002,66.3998671085244,13.5334277602022,2.97407708949601,8,1,4,4,5,1,3,17.1644784833333,12.8733588625,12.871640125,10,9,0,,,5.495025,3.07498666666667,8.59217516666667,0.559594663657884,0.357882213411579,0.63953828843224,17.1621868333333,,,0,0,0.00229165,0.0972222222222222,2.6988606773731,8,6000,-32.60732,25.69276,375,0,0,1,1,,,1,1,1,
Farm_88,JM42,213.501,93.4444777777778,52.5001,40.439745134381,10.4841714833734,5.80519915284153,8,1,5,4,6,1,3,11.27450178,8.455876335,8.45381385,9,8,0,,,3.5247612,3.1419896,4.605001,0.891404955320094,0.682299439240078,0.765420289811012,11.2717518,,,0,0,0.00274998,0,3.37605336752885,8,5000,-32.43931,25.44722,,0,0,1,0,,,1,0,1,
Farm_89,JM43,580.0027,209.6884,122.5005,341.288374128648,136.003270127021,63.0608564625055,4,1,3,3,4,1,2,2.17125892,1.62844419,1.626381705,4,3,0,,,0.892503,0,1.27600594,,,0.699450505692787,2.16850894,,,0,0,0.00274998,0,2.23453272971255,3,5000,-32.458993,23.87876,475,0,0,0,0,,,0,1,1,
Farm_90,JM44,213.501,90.187725,66.75,97.4333727843831,39.2882501861414,11.7830172076583,4,1,3,3,4,1,2,5.76970409589041,4.32727807191781,4.3258654109589,4,3,0,,,4.78973835616438,0,0.978082191780822,,,4.89707142857143,5.76782054794521,,,0,0,0.00188354794520548,0,1.93899111501302,3,7300,-32.375977,23.930237,325,0,0,1,0,9,9,1,0,1,
Farm_91,JM45,899.9948,216.249769230769,169.0013,64.7975013097404,20.9087340070677,5.50146455532695,7,1,3,4,4,1,3,9.16317331176471,6.87237998382353,6.87124395882353,13,11,0,,,4.15295202352941,3.23411070588235,1.77459588235294,0.778749835673234,1.82244912097634,2.34022408415769,9.16165861176471,,,0,0,0.0015147,0.0818181818181818,2.58039586855751,10,17000,-32.759978,24.310638,250,0,0,1,1,,,0,1,1,
Farm_92,JM46,4400,522.82938,171.0015,190.85171337939,50.8066608649532,25.0281797541708,6,3,4,6,6,2,4,18.1246073642857,13.5934555232143,13.5857158258929,15,10,0.785714285714286,,,7.06430871428571,1.47143101785714,9.57854803571428,0.208290871388669,0.153617334524065,0.737513523755996,18.1142877678571,0.956624610595593,0.903391485715674,0.909090909090909,0.818181818181818,0.0103195964285714,0.15,2.70403050071595,8,28000,-32.851243,24.964813,300,1,0,1,1,,,1,1,1,
Farm_93,JM47,899.9948,227.316273333333,171.0015,114.131849882124,20.5055222881524,3.31259326452982,8,1,4,4,5,1,3,39.939899765,29.95492482375,29.9539592025,15,13,0,,,23.33009402,7.6087754,8.99974285,0.326135650952683,0.845443645092593,2.59230673685304,39.93861227,,,0,0,0.001287495,0.184615384615385,2.05776427916798,10,20000,-32.132247,24.5842,350,1,0,1,0,,,1,1,0,
Farm_94,JM48,31.5,22.62495,22.62495,31.5,31.5,31.5,2,1,1,2,2,1,1,0.31729165,0.2379687375,0.23625,2,1,0,,,0.315,0,0,,,,0.315,,,0,0,0.00229165,0,1,1,6000,-32.384125,23.799955,369,0,0,1,0,50,52,0,1,1,
Farm_95,JM49,899.9948,252.57411,173.00075,190.35862719187,39.0119329082058,4.35772263313441,6,1,4,3,5,1,2,33.5633588483146,25.172519136236,25.1696223876405,10,9,0,,,14.3581891011236,4.27389859550562,14.9274088202247,0.297662787793425,0.286312155510542,0.96186747975108,33.5594965168539,,,0,0,0.00386233146067416,0.0972222222222222,2.32890132084196,8,3560,-32.283742,24.078645,550,1,0,1,1,5,3,0,1,1,
Farm_96,JM50,213.501,95.0416333333333,66.75,88.0823229585034,24.3324742466133,7.82598714596314,6,1,3,3,4,1,2,40.2387388349515,30.1790541262136,30.1456805825243,6,5,0,,,20.0486213592233,2.32037669902913,17.8252427184466,0.11573746929794,0.130173638344227,1.12473202614379,40.194240776699,,,0,0,0.0444980582524272,0,2.30736180687307,5,309,-32.898842,24.689037,300,0,0,1,1,7,6,0,0,0,
Farm_97,JM51,899.9948,209.335744444444,170.0014,184.655115452006,22.5450709875677,8.5913934581095,8,2,5,5,7,2,3,45.7519150666667,34.3139363,34.30940818125,18,15,0,,,10.9749536166667,12.7658537166667,22.0050702416667,1.16318065319933,0.580132377514273,0.498746584134304,45.745877575,1,0.605323243708698,1,0.823529411764706,0.00603749166666667,0.193939393939394,2.44340450540662,11,12000,-32.343987,24.893373,275,1,0,0,0,,,0,1,1,
Farm_98,JM52,569.9936,154.12452,136.50075,95.8236085782926,23.2040120956433,6.08786099601902,6,1,4,3,5,1,2,16.3322207932011,12.2491655949009,12.2462442280453,10,9,0,,,6.23628895184136,3.64844144475921,6.4435952407932,0.585034059988825,0.566212077018991,0.967827543288346,16.3283256373938,,,0,0,0.00389515580736544,0.19047619047619,2.88621667744451,7,3530,-32.142441,26.326758,425,0,0,1,0,53,43,1,0,1,
Farm_99,JM53,213.501,102.01025,69.55025,54.5036166507974,14.885836103048,6.81295856986775,6,1,3,4,4,1,3,35.687739329806,26.7658044973545,26.7567106481481,10,9,0,,,5.84880070546737,24.4335030864198,5.39331040564374,4.1775236184026,4.5303350352043,1.08445467914233,35.6756141975309,,,0,0,0.0121251322751323,0.19047619047619,2.2429634710844,7,1134,-33.522255,26.681705,700,0,1,1,0,,,0,0,1,
Farm_100,JM54,4400,474.671675,170.0014,1075.10545710976,83.6027758931271,8.17154338573059,10,2,4,6,6,2,4,67.2593268266667,50.44449512,50.42110022,20,16,16.4266666666667,,,6.0873232,18.4680078,42.6728026266667,3.03384709390821,0.432781693800893,0.142651122619164,67.2281336266667,0.755657850656873,0.631826570245357,0.944444444444444,0.833333333333333,0.0311932,0.1875,4.30049227667225,12,7500,-33.409667,26.299428,650,1,1,1,0,40,6,0,1,1,2001
Farm_101,JM55,899.9948,183.713245454545,102,291.392644776863,37.6665080390921,8.55219821734128,7,1,3,4,4,1,3,22.4901802020202,16.8676351515152,16.846801969697,11,10,0,,,10.2918913131313,4.4939303030303,7.67658101010101,0.436647664292427,0.585407787284091,1.34068686301741,22.4624026262626,,,0,0,0.0277775757575758,0.171428571428571,3.419075075498,7,495,-33.553717,26.860368,,0,0,1,1,7,7,0,0,1,
Farm_102,JM56,569.9936,153.860644444444,102,181.686569057551,28.2717476156021,9.69687859491222,6,0,4,3,4,0,3,107.292258,80.4691935,80.4691935,9,9,0,,,4.212504,43.230128,59.849626,10.2623351811654,0.722312416789371,0.070384800733759,107.292258,,,0,0,,0.0972222222222222,3.20507817701565,8,100,-33.326134,26.555066,,0,0,1,1,2,2,1,1,1,
Farm_103,JM57,569.9936,150.422973333333,169.0013,245.812940814425,21.5728306345472,3.51894892948214,7,1,4,4,5,1,3,21.479458775,16.10959408125,16.108305028125,15,14,0,,,0.511875,5.5603232875,15.40554175,10.8626584371184,0.360930071641265,0.0332266796135228,21.4777400375,,,0,0,0.0017187375,0.267857142857143,2.74378194003256,8,8000,-32.808251,26.528688,500,0,0,0,1,,,0,1,0,
Farm_104,JM58,213.501,103.418272727273,86.6004,57.4164293005812,10.8147754023647,3.93940820170433,8,1,5,4,6,1,3,24.4381479230769,18.3286109423077,18.3206783076923,11,10,0,,,7.42926276923077,4.58075969230769,12.4175486153846,0.616583345426882,0.368894041343426,0.598287391444262,24.4275710769231,,,0,0,0.0105768461538462,0.15,3.46385906332691,8,1300,-32.561785,25.4471,350,0,0,1,1,9,8,1,0,0,
Farm_105,JM59,213.501,87.3931714285714,52.5001,149.905946879686,28.4354715505751,5.11438709531575,6,1,3,4,4,1,3,76.0325436,57.0244077,57.014095275,7,6,0,,,56.21025,0.7374975,19.0710462,0.0131203383724499,0.0386710562318285,2.9474130265596,76.0187937,,,0,0,0.0137499,0,1.81678577606138,6,1000,-33.223905,23.449311,300,1,0,1,0,,,0,1,1,
Farm_106,JM60,213.501,77.32032,43.2504,128.796954515193,35.8945817085653,6.331150525793,5,1,3,4,4,1,3,3.5528613,2.664645975,2.65433355,5,4,0,,,2.567514,0.884997,0.0866004,0.344690233432028,10.2193176936827,29.6478307259551,3.5391114,,,0,0,0.0137499,0,2.28063210894835,4,1000,-33.890203,25.292975,300,0,0,1,0,5,5,0,1,1,
Farm_107,JM61,899.9948,198.699604347826,171.0015,116.835411914436,19.019248862326,4.5634689943242,8,2,5,5,7,2,3,34.6772056166667,26.0079042125,25.9978105125,23,20,0,,,8.015822,10.7095847833333,15.9383405666667,1.33605571372884,0.671938508186435,0.502927012161118,34.66374735,0.870182125591797,0.146022216877638,0.954545454545455,0.363636363636364,0.0134582666666667,0.242307692307692,2.89226186283325,13,6000,-32.700805,25.445027,,1,0,1,1,,,1,0,0,1980
Farm_108,JM62,569.9936,144.796023076923,102,89.1865274253065,17.6193688386065,4.06062124342796,8,1,4,4,5,1,3,30.4255209761905,22.8191407321429,22.8166853928571,13,12,0,,,13.2333928571429,6.5333655952381,10.6554887380952,0.493702988021824,0.613145558671577,1.24193203919696,30.4222471904762,,,0,0,0.00327378571428571,0.166666666666667,2.63086551825869,9,4200,-32.647247,25.97201,530,0,0,1,1,30,30,1,1,0,2006
Farm_109,JM63,102,44.18745,30.49995,21.2291508236975,11.533799846213,8.90372729331312,4,1,2,3,3,1,2,4.17812282142857,3.13359211607143,3.12990910714286,4,3,0,,,2.8125,0.632140714285714,0.728571428571429,0.224761142857143,0.867644117647059,3.86029411764706,4.17321214285714,,,0,0,0.00491067857142857,0,1.50159219617951,3,2800,-31.2475,25.879238,500,0,0,1,0,,,0,1,1,
Farm_110,JM64,179.999,103.9166,102,40.6690555747062,12.5157320211922,7.57252111693045,7,1,3,4,4,1,3,38.4288099356913,28.8216074517685,28.8182915594855,9,8,0,,,1.51929260450161,16.8890183279743,20.0160778135048,11.1163697354497,0.843772615461121,0.0759036120191611,38.4243887459807,,,0,0,0.00442118971061093,0.208333333333333,2.49906127680134,6,3110,-30.716408,26.901738,625,0,0,1,0,20,,0,1,1,1996
Farm_111,JM65,569.9936,171.64888,31.5,484.548369381814,125.201465595488,7.72315552112966,5,1,3,3,4,1,2,8.7038596821278,6.52789476159585,6.52454982971132,5,4,0,,,1.06487447291599,0.23921423937723,7.39531106065521,0.224640786741915,0.0323467447704676,0.143993195713075,8.69939977294843,,,0,0,0.00445990917937074,0,1.63920704397714,4,3083,-30.430846,25.93808,412,0,0,1,0,30,30,0,1,1,
Farm_112,JM66,580.0027,182.196964705882,171.0015,128.79508746391,18.0027633591138,8.74801150366489,7,1,4,4,5,1,3,24.8779302761905,18.6584477071429,18.6566084285714,17,15,0,,,3.50833571428571,8.69617385714286,12.6709683333333,2.47871770701208,0.686306967894944,0.276879842328734,24.8754779047619,,,0,0,0.00245237142857143,0.233333333333333,3.29659618284445,8,10500,-30.91666667,24.58333333,399,0,1,1,1,,,1,1,1,
Farm_113,JM67,580.0027,200.056533333333,171.0015,157.42079403313,25.6493937498645,5.5227913584917,8,1,4,4,5,1,3,24.5724847156217,18.4293635367162,18.4277826038633,15,14,0,,,2.9135413153457,8.45728617200675,13.1995493177986,2.90275141370469,0.640725373903695,0.220730363226646,24.570376805151,,,0,0,0.00210791047064234,0.228571428571429,2.56363218646379,10,6523,-30.614532,25.312848,350,0,0,1,1,,,1,1,1,1999
Farm_114,JM68,899.9948,215.564753846154,171.0015,192.70057801117,25.7527802636912,9.52830342354917,8,1,4,4,5,1,3,62.626695,46.97002125,46.9670748428572,13,12,0,,,11.7228853714286,24.2528957142857,26.6469853714286,2.06885036796451,0.910155328125415,0.439932893271975,62.6227664571429,,,0,0,0.00392854285714286,0.15,2.77998718593587,10,3500,-30.712185,26.57612,,0,1,1,0,25,,0,1,1,
Farm_115,JM69,210.0003,92.94982,31.5,64.8643051706475,24.9169274719761,14.7883502253519,4,1,2,3,3,1,2,0.749177714797136,0.561883286097852,0.55880678699284,5,4,0,,,0.281921241050119,0.463154474940334,0,1.64285058201058,,,0.745075715990454,,,0,0,0.00410199880668258,0.166666666666667,1.93483221478881,3,3352,-30.51497,25.804088,430,0,0,1,0,70,50,0,1,1,
Farm_116,JM70,179.999,76.937225,57.87495,62.3071198233074,47.8266688984017,47.8266688984017,3,1,1,2,2,1,2,2.50629516,1.87972137,1.8719964,4,2,0,,,0,0.8639952,1.632,,0.529408823529412,,2.4959952,,,0,0,0.01029996,0,1.98426478534604,2,2500,-30.37361111,25.81305556,400,0,0,1,0,5,5,0,1,1,0
Farm_117,JM71,213.501,67.687725,22.62495,36.0764866834296,31.1268756419663,31.1268756419663,3,1,2,3,3,1,2,2.26391544642857,1.69793658482143,1.69218883928571,4,2,0,,,2.25625178571429,0,0,,,,2.25625178571429,,,0,0,0.00766366071428572,0,1.26288711947422,2,3360,-30.658428,25.148735,180,0,0,1,0,14,14,0,1,1,
Farm_118,JM72,179.999,97.6071714285714,102,19.0829457167747,11.0602974595939,10.9858684342736,5,1,3,3,4,1,2,4.80365592307692,3.60274194230769,3.5997708,7,5,0,,,2.90769230769231,0.324615076923077,1.56738701538462,0.111640105820106,0.207105886253256,1.85512083432617,4.7996944,,,0,0,0.00396152307692308,0,2.27410034676134,5,6500,-30.816485,24.994015,330,1,1,0,0,20,20,0,1,1,
Farm_119,JM73*,32.2003,19.3167333333333,13.7499,-Inf,,,1,2,0,3,2,2,1,0.0193167333333333,0.01448755,,3,,0,,,0,0,0,,,,,,,,,0.0193167333333333,,,,3000,-24.370595,27.34973,,0,1,0,1,,,0,0,0,
Farm_121,VvdM01,4400,519.190205882353,136.0003,2953.33166979024,362.674314648889,2.19932856458181,7,4,4,7,7,3,4,30.61784928,22.96338696,22.943579515,17,9,20.5333333333333,,,5.99996533333333,2.61768539333333,21.9737886266667,0.436283419637536,0.119127631461631,0.273051017067306,30.5914393533333,0.328788256865856,0.0554291458387547,0.9,0.7,0.0264099266666667,0.158730158730159,2.08100267826906,7,15000,-24.1688,30.6583,550,1,0,0,1,21,20,0,0,0,
Farm_122,MM01,161.4991,69.1497666666667,32.2003,-Inf,,,1,3,0,3,3,3,2,0.0592712285714286,0.0444534214285714,,3,,0,,,0,0,0,,,,,,,,,0.0592712285714286,,,,3500,-32.85295,27.743911,900,1,1,1,0,40,40,0,0,0,0
Farm_123,MM02,13.7499,13.7499,13.7499,-Inf,,,1,1,0,1,1,1,1,0.000474134482758621,0.000355600862068966,,1,,0,,,0,0,0,,,,,,,,,0.000474134482758621,,,,29000,-33.205278,25.600726,340,0,0,0,1,,,1,1,1,0
Farm_124,MM04,161.4991,62.70976,54.9997,-Inf,,,1,3,0,2,2,2,3,0.0783872,0.0587904,,5,,0,,,0,0,0,,,,,,,,,0.0783872,,,,4000,-24.994727,31.596844,,0,0,0,0,,,0,0,0,0
Farm_125,MM05,13.7499,13.7499,13.7499,-Inf,,,1,1,0,1,1,1,1,0.00305553333333333,0.00229165,,1,,0,,,0,0,0,,,,,,,,,0.00305553333333333,,,,4500,,,340,1,0,0,0,,,1,1,1,0
Farm_126,SM01,1417.49,360.705566666667,66.75,416.337072376843,98.1479430075462,16.4481164121842,5,1,3,4,4,1,3,2.68268583333333,2.012014375,2.01086855,6,5,0,,,1.4,0.846494244444445,0.434663822222222,0.604638746031746,1.94746882801687,3.22087997303868,2.68115806666667,,,0,0,0.00152776666666667,0,2.66853855244943,5,9000,-30.899579,24.627704,275,1,0,0,1,19,15,0,1,1,
Farm_127,SM02,13.7499,13.7499,13.7499,-Inf,,,1,1,0,1,1,1,1,0.00274998,0.002062485,,1,,0,,,0,0,0,,,,,,,,,0.00274998,,,,5000,-31.5257,22.28032,250,1,0,1,0,,,1,1,1,0
Farm_128,SM03,580.0027,186.9905,173.00075,76.845916080647,11.4162374150826,6.03636767538572,8,1,4,4,5,1,3,9.75762553076923,7.31821914807692,7.31742588461539,16,15,0,,,1.25461615384615,2.79211465384615,5.70983703846154,2.22547322165958,0.489000760448754,0.219728889878125,9.75656784615385,,,0,0,0.00105768461538462,0.266666666666667,3.50593937182389,9,13000,-31.321989,22.20347,250,1,0,1,1,,,1,0,1,
Farm_129,SP01,213.501,96.85018,52.5001,187.600634960811,50.5265782737493,7.08228728182844,5,1,3,4,4,1,3,21.266234125,15.94967559375,15.94537875,5,4,0,,,18.6813375,1.70416583333333,0.875001666666667,0.0912229027141838,1.94761438549641,21.3500593332203,21.260505,,,0,0,0.005729125,0,1.39128113714171,4,2400,-32.942,26.644,450,1,0,0,0,,,0,0,1,0
Farm_130,SP02,13.7499,12.87495,12.87495,-Inf,,,1,1,0,1,1,1,1,0.00789874233128835,0.00592405674846626,,2,,0,,,0,0,0,,,,,,,,,0.00789874233128835,,,,3260,-33.16988,26.62041,250,0,0,1,0,,,0,1,0,0
Farm_131,SP03,899.9948,222.22141875,172.00065,83.1087118387647,15.4247359381114,7.45838993410955,7,2,4,5,6,2,3,67.0417226333333,50.281291975,50.2764627916667,16,13,0,,,27.4745603111111,20.5980275444444,18.9626958666667,0.749712727381275,1.08623940864086,1.44887417402538,67.0352837222222,0.983590825855194,0.117301625967029,0.928571428571429,0.142857142857143,0.00643891111111111,0.205128205128205,2.41138889139713,9,9000,-33.184,26.759,550,0,1,1,1,,,0,0,1,0
Farm_132,SP04,13.7499,13.7499,13.7499,-Inf,,,1,1,0,1,1,1,1,0.0462959595959596,0.0347219696969697,,1,,0,,,0,0,0,,,,,,,,,0.0462959595959596,,,,297,,,450,0,0,1,1,,,0,1,1,
Farm_133,SP05,13.7499,13.7499,13.7499,-Inf,,,1,1,0,1,1,1,1,0.0116722410865874,0.00875418081494058,,1,,0,,,0,0,0,,,,,,,,,0.0116722410865874,,,,1178,-33.019,26.754,,1,1,1,0,,,0,1,1,0
Farm_134,SP06,899.9948,262.776530769231,175,90.3978623738121,24.3359746662868,7.89546628794628,7,0,4,3,4,0,3,45.8404614727273,34.3803461045455,34.3803461045455,13,13,0,,,22.2138930181818,6.563648,17.0629204545455,0.29547490818596,0.3846731875405,1.30188106293751,45.8404614727273,,,0,0,,0.184615384615385,2.48494420355709,10,5500,-33.096081,26.70315,450,1,0,0,1,13,13,0,1,0,
Farm_135,SP07,569.9936,164.9422,86.6004,155.37950775779,34.2642225511622,7.09001271023669,6,1,5,4,6,1,3,76.5325991086957,57.3994493315217,57.3972075,7,6,0,,,58.5165913043478,3.80434782608696,14.2086708695652,0.0650131482591039,0.267748325020028,4.11837193228887,76.52961,,,0,0,0.00298910869565217,0,2.01965446373764,6,4600,-33.224666,26.93231,340,0,0,0,0,50,,0,1,1,
Farm_136,SP08,213.501,77.5859714285714,52.5001,53.4791455911803,16.178418594661,12.5023138430586,5,1,4,4,5,1,3,130.520395294118,97.8902964705882,97.7689738235294,7,6,0,,,45.1031647058824,0,85.2554670588235,,,0.529035453817438,130.358631764706,,,0,0,0.161763529411765,0.133333333333333,2.8495004187274,5,85,-33.275535,26.802994,610,0,1,0,1,,,1,1,0,
Farm_137,SP09,213.501,118.400377777778,102,132.148170430418,21.0334848722923,4.95903263999584,7,1,5,4,6,1,3,69.7880890061566,52.3410667546174,52.3319968997362,9,8,0,,,43.9491978891821,5.38698856640282,20.43980941073,0.122573080400378,0.263553757187916,2.15017650145557,69.7759958663149,,,0,0,0.0120931398416887,0.107142857142857,2.11087224428641,7,1137,-33.218862,26.823739,510,0,0,0,0,,,0,1,1,
Farm_138,SP11,213.501,110.81011,94.3002,93.507483633382,17.314209910609,5.33564461176975,7,1,5,4,6,1,3,40.6287495416667,30.47156215625,30.4672653125,10,9,0,,,19.03759,8.96874291666667,12.6166875,0.471107052765958,0.710863522352176,1.50892141855776,40.6230204166667,,,0,0,0.005729125,0.158730158730159,2.42230002258581,7,2400,-33.210451,26.954476,330,0,0,0,1,22,17,0,1,1,
Farm_139,SP12,899.9948,210.20571875,130.8002,250.021810584514,42.2335676276797,12.0601006677227,7,3,5,6,8,3,3,81.081248,60.810936,60.7439985535714,16,11,0,,,27.4456091428571,30.9999325,22.5464564285714,1.12950426199842,1.37493590614604,1.21729147237867,80.9919980714286,0.722196383151865,0.0792320494963042,0.909090909090909,0.272727272727273,0.0892499285714286,0.204545454545455,2.687929492578,8,1400,-24.085559,30.83776,450,1,0,0,0,,,0,0,0,
Farm_140,SP13,899.9948,263.314846153846,179.999,95.5700905974523,19.97383120201,6.76141182297108,7,1,5,4,6,1,3,81.7677225428571,61.3257919071429,61.3228455,13,12,0,,,41.4458725714286,19.6235861428571,20.6943352857143,0.473475039258433,0.948258828898153,2.00276413807017,81.763794,,,0,0,0.00392854285714286,0.25,2.50609455315771,8,3500,-33.145331,26.767541,400,0,0,0,0,,,0,1,1,
Farm_141,SP14,569.9936,152.8431,77.25005,134.224260552564,28.5942464609641,8.11617596518007,7,1,3,4,4,1,3,24.7007458,18.52555935,18.5236843636364,8,7,0,,,15.7564363636364,2.82727418181818,6.11453527272727,0.179436143844247,0.462385783336422,2.5768820786618,24.6982458181818,,,0,0,0.00249998181818182,0,2.18757437279626,7,5500,-32.847903,26.829728,500,0,1,0,0,,,0,0,1,
Farm_142,SP15,899.9948,169.266233333333,94.3002,80.0649429596623,13.718913617772,3.97157234665259,8,3,5,6,8,3,3,147.482623107914,110.611967330935,110.587589654676,18,14,0,,,59.2089121151079,37.1138276258993,51.1273797985612,0.626828399646093,0.725909048578776,1.15806662395741,147.450119539568,0.996487065454253,0.261301980683919,0.9375,0.4375,0.0325035683453237,0.175324675324675,2.6930296835351,11,3475,-33.163245,26.192295,600,0,0,0,0,,,0,0,0,
Farm_143,SP16,899.9948,184.756364285714,74.80015,266.391845590925,48.9865529726073,12.8497288591589,7,3,5,5,7,2,3,85.19905716,63.89929287,63.85256802,14,9,0,,,30.8428832,27.5599952,26.73387896,0.893560923642832,1.03090147304235,1.15370026348021,85.13675736,1,0.546004516045148,1,0.777777777777778,0.0622998,0.0972222222222222,3.03239329306727,8,2500,-24.277986,30.766304,460,1,0,1,0,5,0,0,0,0,
Farm_144,SP17,4400,553.505806666667,161.4991,342.478917954841,63.2503298026384,29.289896587907,9,3,4,6,6,2,4,141.44969185,106.0872688875,105.991925625,15,10,11,,,38.07511,42.8373,60.4101575,1.12507357168502,0.709107570196287,0.630276621940607,141.3225675,0.922163882282991,0.792408349784616,0.9,0.7,0.12712435,0,4.46664556480967,10,2000,-25.4932,31.726978,450,0,0,1,1,3,0,0,0,0,
Farm_145,SP18,899.9948,193.08463,130.8002,247.038529105105,37.0036867082439,15.2714794956767,6,0,4,3,4,0,3,72.1456633,54.109247475,54.100247475,10,9,0,,,28.1374286,16.2699705,27.7262642,0.578232315798751,0.586807165315838,1.01482941939217,72.1336633,,,0,0,0.012,0.158730158730159,3.34914366770018,7,1000,-24.369754,30.917926,400,1,0,1,0,3,0,0,1,0,
Farm_146,SP19,4400,517.32565882353,175,1774.2049246307,189.135042781019,4.17732489736697,8,3,3,6,5,2,4,259.975452476191,194.981589357143,194.855893428571,17,11,104.761904761905,,,22.2261152380952,13.5702018095238,224.011540857143,0.610552121419072,0.0605781369906197,0.0992186168313057,259.807857904762,0.596771608038478,0.520396939436681,0.909090909090909,0.727272727272727,0.167594571428571,0.161616161616162,2.89507461478967,9,2100,-24.284846,30.982083,490,1,0,1,0,6,6,0,1,0,0
Farm_147,SP20,1417.49,192.353130769231,54.9997,257.612821146367,41.3141087417077,10.6015406308883,8,2,4,6,6,2,4,15.6919569,11.768967675,11.699405475,13,9,0,,,4.067523,7.3424735,4.1892108,1.80514615405985,1.75271043892086,0.970952094365841,15.5992073,0.81826127793045,0.352371578522455,0.888888888888889,0.444444444444444,0.0927496,0.0972222222222222,3.46294000876244,8,1000,-24.46834,30.80559,550,1,0,1,0,3,2,0,1,1,
Farm_148,SP21a,4400,412.7192,171.0015,1096.66400156306,67.8231154247514,3.41673321367743,10,4,5,7,8,3,4,52.9768860263158,39.7326645197368,39.7204612697368,25,20,13.2,,,16.6023630526316,11.8572566052632,24.5009953684211,0.714190899673388,0.483949995784489,0.67761994167919,52.9606150263158,0.750758181462942,0.68423698307435,0.954545454545455,0.863636363636364,0.016271,0.235714285714286,3.5212328807297,14,19000,-33.130337,26.536714,450,1,1,0,0,5,5,0,1,1,
Farm_150,SP22,899.9948,162.799633333333,70.80005,173.752247459889,35.6749127582584,10.9197997622749,6,2,4,5,6,2,3,61.2087765217391,45.9065823913043,45.6041380434783,12,8,0,,,31.2445930434783,7.93478086956522,21.6261434782609,0.253956928116286,0.366906881827611,1.44476027706401,60.8055173913044,0.806940831813818,0.371123715961416,0.875,0.375,0.403259130434783,0.107142857142857,3.20688950601435,7,230,-24.501208,31.06873,700,1,0,0,1,,,0,1,0,
Farm_151,SP23,54.9997,33.6499666666667,32.2003,-Inf,,,1,3,0,3,3,3,2,0.050984797979798,0.0382385984848485,,3,,0,,,0,0,0,,,,,,,,,0.050984797979798,,,,1980,-25.384552,30.370632,,1,0,0,1,,,0,0,0,0
Farm_152,SP24,1417.49,325.595135714286,177.4995,219.270038878703,46.7847104189486,18.6533959404534,8,2,5,5,6,1,4,103.737752982456,77.8033147368421,77.7691043157895,14,11,0,,,28.5630287719298,34.1315256140351,40.9975847017544,1.19495470478879,0.832525278314128,0.696700280753553,103.692139087719,0.952034463108148,0.431060414844135,0.909090909090909,0.636363636363636,0.0456138947368421,0.141414141414141,3.08142668306375,9,2850,-24.261121,30.778847,280,1,1,1,1,,,0,1,0,0
Farm_153,SP25,4400,546.674625,177.4995,3552.89448587107,328.283935279156,2.24808664524384,7,1,4,5,5,1,4,222.416968571429,166.812726428571,166.80851727551,12,11,179.591836734694,,,11.0444656326531,24.2734040408163,187.093486693878,2.19778890606095,0.129739439195617,0.059031801843129,222.411356367347,,,0,0,0.00561220408163265,0.204545454545455,1.95522883996469,8,2450,-23.914014,30.66565,533,0,0,1,1,,,0,0,0,0
Farm_154,SP26,899.9948,206.353130769231,171.0015,252.2467321148,36.883062719724,12.1288671023798,7,2,5,5,7,2,3,50.0402376666667,37.53017825,37.4628869166667,13,10,0,,,21.8527424444444,21.3544316666667,6.74334177777778,0.977196876820169,3.166743192083,3.24063990297195,49.9505158888889,0.719724233834684,0.160804256224754,0.909090909090909,0.272727272727273,0.0897217777777778,0.175,3.0147983094559,8,900,-24.351933,30.773562,450,0,0,1,0,,,0,1,1,
Farm_155,SP28,161.4991,82.8997,54.9997,-Inf,,,1,3,0,2,2,2,3,0.0444105535714286,0.0333079151785714,,3,,0,,,0,0,0,,,,,,,,,0.0444105535714286,,,,5600,-25.9265778,27.546192,,1,1,0,1,,,0,0,1,0
Farm_156,SP30,580.0027,151.793114285714,128.80095,212.470961138295,29.5362218144625,2.57901807514257,7,1,4,4,5,1,3,142.571593,106.92869475,106.8720699,14,11,0,,,12.3240672,60.8629154,69.3091106,4.93854134453275,0.878137302197613,0.177813091140719,142.4960932,,,0,0,0.0754998,0.204545454545455,2.62449374323986,8,500,-23.986008,30.561341,550,0,1,0,0,,,0,0,0,
Farm_157,SP31,1417.49,347.037266666667,175,102.365404870359,40.874072713197,15.4779429054104,7,1,4,5,5,1,4,27.084367131579,20.3132753486842,20.3024201447368,9,8,0,,,14.7710916842105,5.39799736842105,6.90080447368421,0.365443359490566,0.78222725901103,2.14048836487676,27.0698935263158,0.817359902239967,0.271743656285686,0.75,0.375,0.0144736052631579,0,2.98264845000139,8,3800,-25.630781,31.3415,600,0,0,0,0,,,0,0,0,0
Farm_158,SP32,4400,561.732466666667,175,705.923775218799,154.66562677623,3.30758230788975,9,3,4,6,6,2,4,194.814433815789,146.110825361842,146.060644697368,15,10,28.9473684210526,,,10.7808849473684,104.670366842105,79.2962744736842,9.70888450744991,1.31999097734209,0.135957017135102,194.747526263158,0.85135950645177,0.309568673748324,0.9,0.7,0.0669075526315789,0.0888888888888889,2.69956676187356,9,3800,-25.412463,31.714433,600,1,0,1,0,,,0,0,1,
Farm_159,SP33,161.4991,46.4665555555556,32.2003,-Inf,,,1,4,0,4,3,3,3,0.0418199,0.031364925,,9,,0,,,0,0,0,,,,,,,,,0.0418199,,,,10000,-24.634824,31.514075,,1,0,0,0,4,2,0,0,1,0
Farm_160,SP34,899.9948,224.394436363636,175,103.523513869944,39.6078764635968,26.4957094967526,6,2,4,4,6,2,3,72.4763791111111,54.3572843333333,54.3348538888889,11,8,0,,,20.1944518518519,26.7962088888889,25.4558111111111,1.32690944450823,1.05265586596032,0.793314020272458,72.4464718518518,0.884973208878602,0.176534292695715,0.875,0.25,0.0299072592592593,0.107142857142857,2.84302968161833,7,2700,-23.96796,30.836126,,1,0,0,0,,,0,0,1,
Farm_161,SP35,161.4991,54.5497833333333,38.5249,-Inf,,,1,3,0,3,2,2,3,0.308772358490566,0.231579268867925,,6,,0,,,0,0,0,,,,,,,,,0.308772358490566,,,,1060,-24.416941,31.333247,800,1,0,0,0,7,4,0,0,0,
Farm_162,SP36,569.9936,97.7771222222222,31.5,85.4840684970781,18.0674481906803,2.86217593259089,5,1,3,4,4,1,3,10.8773152142857,8.15798641071429,8.14419182142857,9,7,0,,,1.17393142857143,1.05356785714286,8.63142314285714,0.897469674549012,0.122061894047533,0.136006705863205,10.8589224285714,,,0,0,0.0183927857142857,0,3.06211364325995,7,1400,-30.508901,29.408555,800,1,0,0,0,,,0,0,0,0
Farm_163,SP37,899.9948,211.1275875,130.8002,152.615689477393,35.8267210417803,16.6183923688771,6,3,4,6,7,3,3,66.38139365625,49.7860452421875,49.756760109375,16,11,0,,,16.9210553125,15.9296634375,33.4916280625,0.94141075383947,0.475631205738134,0.505232390641714,66.3423468125,0.830426031931081,0.227103797180735,0.909090909090909,0.272727272727273,0.03904684375,0.207792207792208,2.92606734782214,7,3200,-24.134178,30.524943,720,1,1,0,0,,,0,0,0,
Farm_164,SP38,213.501,98.1183,58.0003,71.2603913647841,23.5423948354478,16.7532772901542,6,3,4,6,7,3,3,22.4247537142857,16.8185652857143,16.5765297857143,11,7,0,,,5.75289085714286,13.4571348571429,2.892014,2.3391952309393,4.65320529469873,1.98923340521272,22.1020397142857,1,0.19794032196563,1,0.428571428571429,0.322714,0.119047619047619,2.43117125328803,6,350,-27.592142,31.191048,1150,0,0,0,0,,,0,0,0,0
Farm_165,SP41,1417.49,288.148557142857,138.5,131.598328637753,31.017797823641,10.7575358793852,8,1,5,5,6,1,4,66.1710565666667,49.628292425,49.62185495,14,12,0,,,16.7841612,36.492366,12.8859460666667,2.17421446119095,2.83195085647598,1.30251679722743,66.1624732666667,,,0,0,0.0085833,0.166666666666667,3.18748498880448,9,3000,-29.82618,30.536979,,1,0,1,0,11,,0,0,0,0
Farm_166,AT01,4400,424.103833333333,161.4991,3298.92310136362,282.367102384273,4.42107156062201,9,4,4,7,7,3,4,37.3581931030303,28.0186448272727,28.0091403045455,21,12,28,,,2.93527363636364,2.81242303636364,31.5978237333333,0.958146798145813,0.0890068588298611,0.0928948038047045,37.3455204060606,0.250244749690085,0.210481183008923,0.923076923076923,0.769230769230769,0.012672696969697,0.15,2.22415145676701,10,33000,-22.353925,29.300709,350,1,1,1,1,,,0,1,1,0
Farm_167,AT03,899.9948,210.365518181818,173.00075,80.2136991597584,12.6814721067655,5.93156118121128,8,2,4,5,6,2,3,121.270397437126,90.9527980778443,90.9507344461078,22,20,0,,,25.449142994012,47.3119686826347,48.506534251497,1.8590790540085,0.975373099989608,0.524653912853536,121.267645928144,0.973335721768583,0.117822295845968,0.954545454545455,0.136363636363636,0.00275150898203593,0.266666666666667,2.89835802029691,12,16700,-29.119938,24.525453,325,0,0,1,1,,,1,1,1,
Farm_168,AT04,899.9948,193.26758,169.0013,145.533109031363,17.0784050960161,2.79169381980381,8,4,4,6,7,3,3,27.8550363067961,20.8912772300971,20.8884068490291,25,18,0,,,3.61339055533981,9.96037458349514,14.2774439932039,2.75651757842115,0.697630093190092,0.253083854299116,27.8512091320388,1,0.940704665240825,1,0.95,0.00382717475728155,0.277777777777778,2.29218754530037,12,103000,-27.295976,22.394599,265,1,1,1,0,20,20,0,1,1,
Farm_169,AT05,899.9948,183.127036363636,119.00015,136.280854186392,18.6765726042072,3.32504736162773,8,3,5,6,8,3,3,159.051916285714,119.288937214286,119.199687285714,22,17,0,,,17.685460952381,67.9849207619048,73.2625346666667,3.84411358827219,0.927962990513852,0.241398431447221,158.932916380952,0.940676121931964,0.136860909741768,0.947368421052632,0.368421052631579,0.118999904761905,0.247058823529412,2.73326304479519,10,1050,-24.54212,27.867043,700,1,0,1,1,9,1,0,1,1,
Farm_170,AT06,899.9948,273.545338461538,179.999,108.245026758686,23.6667124835389,6.95181649481635,6,0,4,3,4,0,3,149.658726,112.2440445,112.2440445,13,13,0,,,19.1453505454546,60.9497686363636,69.5636068181818,3.18352847557728,0.876173209299912,0.275220785999419,149.658726,,,0,0,,0.240384615384615,3.05749214591919,8,1100,-25.569242,26.975445,680,0,0,0,0,,,0,1,0,0
Farm_171,AT07,899.9948,394.7994,316.2514,573.106548958962,194.251525224769,9.58280937172202,4,1,2,3,3,1,2,169.1441676,126.8581257,126.7880757,4,3,0,,,1.7999896,0,167.250778,,,0.0107622195933821,169.0507676,1,0.00124223275044153,1,0.333333333333333,0.0934,0,1.00994179286578,3,500,-28.121124,26.720294,375,0,1,0,0,,,0,1,0,
Farm_172,AT08,269.9977,141.963885714286,169.0013,71.1544952621978,26.1841623777528,8.8851248270159,4,1,2,3,3,1,2,133.940334588235,100.455250941176,100.443118676471,7,6,0,,,18.5294117647059,62.8084817647059,52.5862647058824,3.3896640952381,1.19438948774926,0.35236219701745,133.924158235294,,,0,0,0.0161763529411765,0.133333333333333,1.87562444304631,5,850,-27.821413,24.826515,400,0,1,0,0,,,0,1,0,
Farm_173,AT09,213.501,99.6334416666667,72.30035,56.364566239679,12.1746595989286,1.54124160428994,8,1,5,4,6,1,3,100.61118425,75.4583881875,75.44549765625,12,11,0,,,18.201645,43.577958125,38.81439375,2.39417690681254,1.12272674940337,0.468940597584369,100.593996875,,,0,0,0.017187375,0.170454545454545,2.37362593850261,8,800,-28.702008,26.385014,475,0,0,1,0,,,0,1,1,
Farm_174,AT10,899.9948,212.852985714286,170.0014,131.485291187171,30.3960808687757,9.22373984398807,6,3,4,5,7,3,3,77.2800729375,57.960054703125,57.9127344375,14,11,0,,,12.335901125,34.2593621875,30.6217159375,2.77720791050034,1.1187930244479,0.402848133990205,77.21697925,0.883445997403479,0.118011771355327,0.923076923076923,0.230769230769231,0.0630936875,0.238636363636364,2.67165125219196,8,1600,-23.074735,28.078315,400,1,0,1,1,7,4,0,1,0,
Farm_175,AT11,569.9936,154.180538461538,169.0013,94.8811426208121,13.8054092852445,4.53940101201739,8,1,4,4,5,1,3,209.122394122137,156.841795591603,156.83392351145,13,12,0,,,16.1775229007634,56.6681755725191,136.266199541985,3.50289571030959,0.415863770788288,0.118719997733399,209.111898015267,,,0,0,0.010496106870229,0.194444444444444,3.07140009391061,9,1310,-30.097708,26.831699,550,0,0,1,1,2,1,0,1,1,
Farm_176,AT12,899.9948,235.003161538462,175,218.198088663914,45.8476563355916,22.3799845204427,6,2,4,5,6,2,3,92.5739132,69.4304349,69.37797225,13,9,0,,,13.040014,26.124892,53.339057,2.00344048710377,0.489789161439431,0.244474025853138,92.503963,0.951353716596985,0.0397281033246111,0.888888888888889,0.111111111111111,0.0699502,0.158730158730159,2.40307415781804,7,1000,-24.097354,27.649184,600,1,1,1,1,2,1,0,1,0,
Farm_177,AT13,899.9948,328.066188888889,210.0003,338.428289145727,52.0343265720858,7.84467941451432,4,0,3,2,3,0,2,74.5511995,55.913399625,55.913399625,9,9,0,,,4.384997,12.0900675,58.076135,2.75714384753285,0.208176172536275,0.0755042841607831,74.5511995,,,0,0,,0.158730158730159,1.75461822850336,7,2000,-23.024546,28.853175,350,0,0,1,1,2,0,0,1,1,
Farm_178,AT14,227.4993,104.295966666667,72.30035,160.371806700955,19.7192175387838,1.01058459910154,7,2,4,5,6,2,3,75.79682325,56.8476174375,56.82045328125,12,9,0,,,1.146255,68.6480603125,5.9662890625,59.8889953042735,11.5059896685152,0.192121935091039,75.760604375,1,0.00970162865071521,1,0.222222222222222,0.036218875,0.158730158730159,1.16497153097575,7,1600,-24.574343,28.035253,550,1,1,1,1,,,0,1,0,
Farm_179,AT15,580.0027,169.292335,165.2502,64.5640401867057,9.79735787415034,6.438592289212,7,2,4,5,6,2,3,144.309281714286,108.231961285714,107.830713428571,20,17,0,,,9,51.7572091428572,83.0170754285714,5.75080101587302,0.623452571361533,0.108411431666774,143.774284571429,1,1,1,1,0.534997142857143,0.261437908496732,3.27957504359482,9,350,-27.592024,29.582179,800,0,1,1,1,,,1,0,,
Farm_180,AT16,580.0027,184.792315,173.00075,59.8680396839419,10.8717534640854,5.65074999362173,8,1,4,4,5,1,3,11.7075564916667,8.78066736875,8.779808,20,19,0,,,2.54479375,3.798948125,5.36266879166667,1.49283144262674,0.708406256769649,0.474538676331175,11.7064106666667,,,0,0,0.001145825,0.267942583732057,3.65032817470401,11,12000,-30.007719,24.097934,300,0,0,1,1,,,1,1,1,
Farm_181,AT17,899.9948,191.120815789474,102,135.789144181772,19.1182854665301,3.53968847484566,8,2,5,5,7,2,3,57.2453945217391,42.9340458913044,42.9112360434783,19,15,0,,,20.6761556521739,7.82112182608696,28.7177039130435,0.378267699163149,0.272344956608269,0.719979414607129,57.2149813913043,0.965804228417001,0.115962581743147,0.941176470588235,0.235294117647059,0.0304131304347826,0.193939393939394,3.01231773804461,11,2300,-33.367761,26.014178,420,0,0,1,0,12,8,0,0,1,
Farm_182,AT18,4400,468.589866666667,86.6004,1241.55806569296,130.232053431023,12.3731416242605,8,3,3,6,5,2,4,216.593717430556,162.445288072917,162.430314166667,15,11,61.1111111111111,,,31.3090175,38.1144743055556,147.150260416667,1.21736411260927,0.259017375828161,0.212769025425754,216.573752222222,0.717827712342509,0.536980808698286,0.909090909090909,0.727272727272727,0.0199652083333333,0.141414141414141,4.12876213477232,9,7200,-27.342911,31.892026,550,1,0,1,1,60,60,0,0,0,
Farm_183,AT19,269.9977,86.186875,30.49995,241.009404272095,81.4442935018371,2.46034625210932,4,1,2,3,3,1,2,40.3755223333333,30.28164175,30.247267,4,3,0,,,3.15,37.1796893333333,0,11.803075978836,,,40.3296893333333,,,0,0,0.045833,0,1.34377319816039,3,300,-27.581481,28.943602,700,0,0,1,1,,,0,0,1,0
Farm_184,AT20,569.9936,158.971811111111,169.0013,108.573238257472,21.2192054495263,11.0086844999831,7,1,3,4,4,1,3,7.81695165671642,5.86271374253731,5.86194415858209,9,8,0,,,3.9244421641791,1.63850955223881,2.25297382835821,0.417514001657237,0.72726524010837,1.74189425317867,7.81592554477612,,,0,0,0.00102611194029851,0.107142857142857,2.69627614784264,7,13400,-30.880783,23.450698,290,0,1,1,1,,,0,1,1,
Farm_185,AT21,569.9936,161.320133333333,135.50065,70.7017915635966,14.9079566233886,5.28800562215181,6,1,4,4,5,1,3,27.5784001,20.683800075,20.6786438625,12,11,0,,,6.3,2.59373935,18.6777858,0.411704658730159,0.138867603353712,0.337299081778741,27.57152515,,,0,0,0.00687495,0.170454545454545,2.96052101921974,8,2000,-29.177493,24.23183,175,0,0,1,1,,,0,1,0,
Farm_186,AT22,227.4993,99.7054555555556,86.6004,39.1141930238328,18.3475690236559,13.5305459913265,5,2,3,5,5,2,3,67.096285,50.32221375,49.62003,9,6,0,,,4.725,21.87498,39.56006,4.6296253968254,0.552956188640765,0.119438645947453,66.16004,1,1,1,1,0.936245,0.166666666666667,2.9824768117576,4,200,-27.390916,27.675095,,0,0,0,1,,,0,0,1,
Farm_187,AT24,899.9948,164.939873333333,58.0003,293.831214191028,37.2130295168807,9.53706192355804,8,3,4,5,6,2,3,140.437134102379,105.327850576784,105.24363130858,15,10,0,,,12.7920245133381,20.6542173756309,106.878599855804,1.61461677579611,0.193249325903377,0.11968742601977,140.324841744773,1,0.470276222892453,1,0.8,0.112292357606345,0.0888888888888889,2.56133783436741,9,1387,-27.555955,31.755853,625,0,1,0,0,16,16,0,0,0,38504
Farm_188,AT25,899.9948,242.015766666667,130.8002,238.302477704958,51.1406483816743,11.5888128258185,4,0,3,2,3,0,2,108.7680696,81.5760522,81.5760522,6,6,0,,,28.7998336,14.19996,65.768276,0.493057015440534,0.215908958902922,0.43789856373915,108.7680696,,,0,0,,0.133333333333333,3.19025884536076,5,250,-27.981561,32.354176,650,0,0,0,1,,,0,0,1,
Farm_189,AT26,569.9936,159.812216666667,170.0014,108.129270810818,17.720285385644,5.87087910284837,8,1,4,4,5,1,3,45.07278998,33.804592485,33.80253,12,11,0,,,7.511016,18.108089,19.450935,2.41087077966549,0.930962393324537,0.386151925344463,45.07004,,,0,0,0.00274998,0.161616161616162,3.08915591145259,9,5000,-29.432714,24.365268,325,0,0,1,0,16,12,0,1,1,
Farm_190,AT27,4400,581.133183333333,177.4995,547.10482878249,76.608751721183,17.9789300236705,7,2,3,4,4,1,3,141.574585825,106.18093936875,106.15881444375,12,10,17.6,,,17.3511665,32.15112785,92.042791575,1.8529663610801,0.349306309596249,0.188511954093239,141.545085925,0.875657993458525,0.693702149448181,0.9,0.7,0.0294999,0.15,4.03977501384929,8,4000,-28.021909,32.330347,,1,0,1,0,,,0,0,0,
Farm_191,AT28,569.9936,172.5174,173.00075,87.0769220982981,16.0970713813383,8.14094033956139,8,1,4,4,5,1,3,59.7113499,44.783512425,44.7732,14,13,0,,,5.21502,22.9825634,31.5000166,4.40699429724143,0.729604802811438,0.165556103230752,59.6976,,,0,0,0.0137499,0.207692307692308,2.22793787369202,10,1000,-28.722338,24.354821,300,0,0,1,1,4,4,0,1,1,
Farm_192,AT29,210.0003,112.607,102,56.3881304294574,23.7650425243463,17.766519364092,5,2,2,4,4,2,3,76.7637935555556,57.5728451666667,57.4582625,7,5,0,,,0,38.7776544444444,37.8333622222222,,1.02495924672715,,76.6110166666667,1,0.4938370990015,1,0.5,0.152776888888889,0.15,2.45123306347929,4,450,-25.78075,27.054936,450,0,0,0,1,5,3,0,0,,0
Farm_193,AT30,899.9948,188.5368875,136.50075,109.703007668947,16.3603055937278,2.65369135315252,8,1,5,4,6,1,3,134.21744625,100.6630846875,100.646971523437,16,15,0,,,12.2796559375,68.70704734375,53.20925875,5.59519319543231,1.29126112556022,0.230780436074013,134.19596203125,,,0,0,0.02148421875,0.233333333333333,2.87456290466912,10,640,-29.03168,26.443481,,0,0,1,1,23,23,0,0,1,
Farm_194,AT31,899.9948,222.767341176471,171.0015,92.2606183982136,21.2932156956379,11.5151520392021,6,2,4,4,6,2,3,85.2057528504673,63.9043146378505,63.8941598130841,17,14,0,,,17.2827252336449,37.8295355140187,30.0799523364486,2.18886402477629,1.25763282770165,0.574559595053047,85.1922130841122,0.925951274911397,0.0719923691415437,0.933333333333333,0.0666666666666667,0.0135397663551402,0.267857142857143,2.64520997223218,8,4280,-25.287524,26.296834,550,1,1,1,1,15,10,0,0,0,
Farm_195,AT32,899.9948,192.893095652174,161.4991,134.428777189768,19.2116797313453,4.29387037622774,8,4,4,6,7,3,3,96.7284476,72.5463357,72.50516835,23,18,0,,,16.8919932,30.8111365,48.9704281,1.82400834141941,0.629178418393283,0.344942730855971,96.6735578,1,0.916213353637431,1,0.95,0.0548898,0.247474747474747,2.60501655301534,11,5000,-25.107525,26.106791,550,0,1,1,1,,,0,0,0,0
Farm_196,AT33,1417.49,239.046990909091,135.50065,98.884469277406,20.66450723844,6.25239021104609,9,3,5,7,8,3,4,109.550664305556,82.1629982291667,82.139467,22,18,0,,,10.9124904444444,53.4416288888889,45.16517,4.89728986806088,1.18324870445277,0.241612960704996,109.519289333333,0.913828509097419,0.0729324364660576,0.9,0.4,0.0313749722222222,0.222222222222222,2.66865414763875,12,3600,-28.541308,29.249918,900,0,0,0,0,,,0,0,1,
Farm_197,AT34,899.9948,203.904873684211,169.0013,162.941558955269,26.1874038857132,13.4237060053989,7,4,4,6,7,3,3,33.5859879810526,25.1894909857895,25.1863788884211,19,12,0,,,2.84889416842105,12.6270700073684,18.1058743421053,4.43227064990159,0.697401835933663,0.157346401206151,33.5818385178947,1,0.966147310956894,1,0.923076923076923,0.00414946315789474,0.25,2.23091997508168,8,95000,-25.287638,23.230183,320,1,0,1,0,9,9,0,0,1,
