SiteID,max_species_body_mass,mean_species_body_mass,median_species_body_mass,CW_max_species_body_mass,CW_mean_species_body_mass,CW_median_species_body_mass,herbivore_fg_own,carnivore_fg_own,hempson_fg,trophic_groups,trophic_groups_hempson,carnivore_fg_own_simple,herbivore_fg_own_simple,total_biomass_ha,total_m_biomass_ha,m_herbi_biomass_ha,n_species_reserve,n_herbi_sp_reserve,elephant_biomass_ha,white_rhino_biomass_ha,white_rhino_yn,browser_biomass_ha,grazer_biomass_ha,mixed_feeder_biomass_ha,grazer_browser_ratio,grazer_mixed_ratio,browser_mixed_ratio,herbi_biomass_ha,prop_biomass_w_occasional_predator,prop_biomass_w_regular_predator,prop_species_w_occasional_predator,prop_species_w_regular_predator,herbi_fun_red,herbi_fun_div_distq1,herbi_fun_ent,predator_biomass_ha,farm_size_ha,reserve_name,year_to_wildlife
A1,213.501,71.312675,54.37505,19.4416135581248,4.03123222558114,1.26524864984156,8,0,5,3,5,0,3,27.6080926092712,20.7060694569534,20.7060694569534,12,12,0,,,0.946987995445671,0.578799990864228,26.0823046229613,0.611200979999576,0.0221912901958321,0.0363076809789269,27.6080926092712,,,0,0,0.15,1.82770496434415,10,,2927.17670480653,JJK Botha Trust,1984
A2,82.5,39.500025,36.37515,21.5387521906632,6.7901167666666,4.33677130610993,5,0,3,2,3,0,2,1.23548255794278,0.926611918457087,0.926611918457087,8,8,0,,,0.296164139492385,0.437891884059997,0.501426534390401,1.47854458277943,0.873292205392272,0.590643133499987,1.23548255794278,,,0,0,0.107142857142857,3.96633267957969,7,,383.656003035174,Rademeyer en seuns (modderfontien farm),
A3,899.9948,226.968638461538,169.0013,226.140092108356,24.8095101197282,3.75720366120257,8,0,4,3,4,0,3,50.5252361192983,64.6731025968517,64.6731025968517,13,13,0,,,9.85500893904488,2.66818940661711,38.0020377736363,0.270744493802124,0.0702117455519228,0.259328433852611,50.5252361192983,,,0,0,0.0705128205128205,2.11069208292711,12,,3080.75205591264,Rietvallei landgoed,1985
A4,213.501,86.3183818181818,60,43.9927383449387,5.65902463728596,1.90551399810945,7,0,5,3,5,0,3,30.817062588086,23.1127969410645,23.1127969410645,11,11,0,,,3.45550004396758,0.0661775278722695,27.2953850162462,0.0191513607380207,0.00242449512373175,0.12659649394617,30.817062588086,,,0,0,0.0818181818181818,1.7628806147528,10,,5836.57341727102,Rooikuil Trust,1990
A5,569.9936,144.544945454545,60,204.33575366112,31.8188157736462,2.26415891779242,8,0,5,3,5,0,3,0.337035995793328,0.332266898458799,0.332266898458799,11,11,0,,,0.0767344212696481,0.0237409627513488,0.236560611772331,0.309391305212585,0.10035889987551,0.32437530785344,0.337035995793328,,,0,0,0.141414141414141,2.73515758306186,9,,7076.37056506715,Coetzeeberg boerdery,2011
A6,97.5,48.8333555555556,54.9997,59.7576078297555,7.50428132097483,0.0325842791904445,6,1,3,3,4,1,2,62.2821473136839,46.711610485263,46.6796480501046,9,8,0,,,0.134630617924603,0.0639252189997932,62.0409748965484,0.474819324052966,0.00103037096219695,0.00217002743991525,62.2395307334728,1,1,1,1,0.107142857142857,1.02086934070375,7,0.042616580211187,1935.85570665625,Zuuranys,2007
CH1,569.9936,127.699625925926,82.5,57.3951670831217,4.76073983277876,0.366134356668486,11,3,5,5,7,2,3,55.0016626946582,48.6323397967305,48.5335069644634,27,24,0,,,0.388738241757466,1.44201378390804,53.0391335593032,3.70947241359319,0.0271877326633875,0.00732927209911558,54.8698855849687,1,0.989776600653653,1,0.958333333333333,0.223039215686275,1.71481220493761,17,0.131777109689488,1524.16455690424,Leopard Valley Safaris,2016
CH10,899.9948,166.012245833333,92.0502,102.168930384431,15.0697118713979,1.52792994219645,10,2,5,5,7,2,3,62.2414946969888,46.6811210227416,46.6553151821867,23,21,0,,,28.0921226907002,5.02369066628392,29.0912735525982,0.178829158678956,0.172687203164237,0.965654619413913,62.2070869095823,0.937106411560307,0.243855984929449,0.954545454545455,0.590909090909091,0.214285714285714,2.76965158557216,14,0.0344077874065553,9201.396656493,Amaraka Investments (Fort Governers Safaris),2014
CH2,1417.49,228.18328,102,167.991856729134,16.0322477432017,2.35956348612194,11,0,5,4,5,0,4,138.591836819332,103.943877614499,103.943877614499,25,25,0,,,18.1168207764079,28.8050094203201,91.6700066226039,1.58995939606748,0.31422501733754,0.197630843979241,138.591836819332,,,0,0,0.189473684210526,2.85388990792389,19,,1011.42151960026,Mayfair hunting,2013
CH7,899.9948,178.559653333333,106.3745,223.078752817605,13.8005470053378,0.650764653686415,11,2,5,5,7,2,3,52.2771332881171,40.2306032316155,40.2212154332203,30,28,0,,,10.0154707873536,13.7189021332258,28.5302433030108,1.36977106962845,0.480854719236762,0.351047507060574,52.2646162235902,0.965394408548931,0.0475610406748068,0.964285714285714,0.464285714285714,0.253759398496241,2.40701682150486,19,0.0125170645268789,6966.48961206108,Buccara Private Wildlife Reserve,2011
CP6,1417.49,274.947381818182,99.75,99.1656743260392,15.1969706191273,2.49957520178551,13,1,5,5,6,1,4,287.461343548126,237.567204901552,237.325523050179,22,21,0,,,147.542466970001,47.452376437679,92.1442576719484,0.32161842900002,0.514979203659318,1.60121173796072,287.139101079628,0.851256642741997,0.293011790939417,0.857142857142857,0.523809523809524,0.145658263305322,3.58627451197277,17,0.322242468497602,853.389999406755,Lanka Safaris,1994
LAK1,213.501,99.7819,86.6004,114.736359160019,14.7907278380251,2.63569879514923,8,0,4,3,4,0,3,54.4076673981272,40.8057505485954,40.8057505485954,11,11,0,,,32.8654509242533,9.19669404099677,12.345522432877,0.279828628007961,0.744941665368919,2.66213528855856,54.4076673981272,,,0,0,0.141414141414141,2.47427644126474,9,,474.626532158387,Suttonvale,
LIM1,899.9948,217.0372875,174.50015,135.546140141787,12.412625692246,1.67604774037269,7,0,5,3,5,0,3,130.132011246723,97.8325966605105,97.8325966605105,16,16,0,,,7.8414012526383,105.961273215441,16.3293367786442,13.5130533180902,6.48901266792529,0.480203290490855,130.132011246723,,,0,0,0.1875,1.61474914554785,12,,1605.38913829521,Sandstone Valley,2011
LIM100,899.9948,201.985936363636,175,72.3894040251274,19.1880015529834,6.28356164586344,6,0,5,3,5,0,3,111.146036664429,83.3595274983217,83.3595274983217,11,11,0,,,25.1030747536032,59.1487788460313,26.8941830647945,2.35623641432774,2.19931494864625,0.933401646487047,111.146036664429,,,0,0,0.204545454545455,2.59661248633298,8,,322.15226538491,Ram Sleepy Oranges,2020
LIM102,899.9948,189.611123529412,161.4991,131.258531738734,23.2407719380001,4.96278308583231,9,1,5,4,6,1,3,82.20413342055,61.6531000654125,60.9998690764779,17,15,0,,,25.7320959065271,26.6711276491906,28.9299352129194,1.03649262563277,0.921921444099187,0.8894626177744,81.3331587686371,1,0.85415634430473,1,0.933333333333333,0.123076923076923,3.28588574292912,13,0.870974651912848,1365.70633529645,Lakmishi investment/ De draai,2016
LIM103,4400,373.827014814815,97.5,388.605282193574,33.7881596274786,2.10844341755974,13,3,5,6,7,2,4,28.4001277237733,21.30009579283,21.162481467166,27,22,2.49207638862556,,,6.69378304786054,10.9892869313154,10.5335719770454,1.64171543247548,1.04326309776618,0.63547133512236,28.2166419562214,0.911680617683279,0.784973178671137,0.954545454545455,0.863636363636364,0.18716577540107,3.75839030610729,17,0.183485767551886,47671.0908791689,Laphalala wilderness Foundation,2017
LIM104,1417.49,285.8268,172.00065,128.033594684078,25.9518331542221,9.15494157852658,11,1,5,5,6,1,4,47.3187286525808,35.4890464894356,35.2126145333487,16,14,0,,,8.66053875631274,13.0158111920153,25.2738027628035,1.50288700948633,0.514992196234561,0.342668605812609,46.9501527111316,1,0.871062907122182,1,0.857142857142857,0.130952380952381,3.59956737938202,12,0.368575941449235,6485.75078069562,Mmabolela Estates,
LIM106,400,134.991777777778,129.49955,157.835356156807,16.9358552334125,5.59322828630798,10,2,5,4,6,1,3,32.7793642807095,36.5759993666854,36.3033443167751,18,15,0,,,3.16766162618282,11.3193628312649,17.9287997567147,3.57341287267013,0.631350842491594,0.176680071681679,32.4158242141624,1,1,1,1,0.183333333333333,2.85979479222184,12,0.363540066547069,2501.77706308541,Linton Farming Trust,
LIM107,899.9948,213.961341176471,171.0015,194.986674052711,24.0222629144756,3.11902205234353,8,1,5,4,6,1,3,116.612790069977,87.4595925524829,87.4317201602837,17,16,0,,,29.5824404251971,30.9844202105378,56.0087662446434,1.04739229641604,0.553206619035303,0.528175184148542,116.575626880378,0.926968043270743,0.117449078614468,0.9375,0.4375,0.227272727272727,2.61938034318975,11,0.0371631895989777,1479.95101048896,Batiki Game Pty Ltd,2021
LIM108,899.9948,192.849353333333,102,142.383986580377,21.0536168280194,3.62378604486988,9,1,5,4,6,1,3,65.9416830073466,49.45626225551,49.261961401495,15,14,0,,,13.2186572053421,29.2688905407618,23.1950674558894,2.21421057268459,1.26185839279938,0.569890871431191,65.6826152019934,1,0.693854719895053,1,0.857142857142857,0.130952380952381,3.44020321789794,12,0.259067805353274,1215.89596812485,Izintaba game farm,2005
LIM109,899.9948,148.6782,68.74985,262.557893317743,28.2680819555713,5.87789402932724,10,1,4,4,5,1,3,58.9293172711545,44.1969879533659,44.1762621788255,14,13,0,,,37.5766383426332,14.5759308405049,6.74911372196259,0.38789874462952,2.15968072860778,5.56764041778603,58.9016829051007,0.708267321858145,0.280602740051205,0.923076923076923,0.615384615384615,0.0705128205128205,3.48221099817634,12,0.0276343660538078,1990.26458189445,Leshiba Mountain Retreat,1981
LIM11,899.9948,166.730945833333,84.5502,206.560659350933,20.2569561799656,2.0896111747212,11,3,5,5,7,2,3,47.7050299245707,35.778772443428,35.6568938746195,24,21,0,,,7.53133748407866,9.81385933035126,30.1973283517294,1.30306991966538,0.324990979865582,0.249404099473831,47.5425251661594,1,0.393649081278493,1,0.857142857142857,0.178571428571429,2.61817144768345,16,0.16250475841132,4110.65870643126,,2000
LIM110,899.9948,198.508075,172.00065,227.489198307129,28.7997546638642,7.84611116336454,6,0,4,3,4,0,3,24.3031742574553,18.2273806930914,18.2273806930914,12,12,0,,,11.9721754476008,6.24546069116004,6.08553811869441,0.521664648041188,1.02627911769616,1.96731582550161,24.3031742574553,,,0,0,0.166666666666667,3.068916319898,8,,4395.18817864842,Invest in property,2006
LIM112,227.4993,124.987566666667,124.04975,36.1714419634625,14.8785473684926,9.27436807005965,8,1,5,4,6,1,3,133.012658177627,99.75949363322,98.5886042581938,12,10,0,,,23.7744070485257,63.7514611611308,43.9256041346019,2.6815163478529,1.45135081046982,0.541242574050284,131.451472344258,1,1,1,1,0.175,2.48356172969982,8,1.56118583336828,287.600611281029,Servalla Natuurreservaat Pty.,2016
LIM113,580.0027,189.142305,170.0014,145.853376707294,21.3910333470393,4.47824608585199,10,1,5,4,6,1,3,64.5476715430601,48.8033480128339,48.6858319592018,20,18,0,,,4.93493338338032,22.1260228098198,37.3300272783504,4.48355045365657,0.592713813060935,0.132197422374838,64.3909834715505,1,1,1,1,0.235042735042735,2.40879657157748,13,0.15668807150955,2865.55316990186,Buffalo creek,2016
LIM117,899.9948,355.83135,218.7498,394.18172199406,91.88698862475,23.0894260101344,5,0,4,2,4,0,2,12.3444372502417,9.25832793768124,9.25832793768124,6,6,0,,,5.40664405210772,3.62171968536707,3.31607351276687,0.669864642551268,1.09217110881995,1.63043552300398,12.3444372502417,,,0,0,0.133333333333333,2.56862238602028,5,,3329.21787092364,LWright Game Farm,2008
LIM118,899.9948,207.607425,128.75,137.040509122278,25.1815798257503,5.05079403553437,9,1,5,4,6,1,3,45.3304497625278,33.9978373218958,33.2628201049544,12,11,0,,,32.2861218467527,8.16902389052562,3.89528106932751,0.253019669853821,2.0971590355445,8.28852174519122,44.3504268066059,0.857411143200614,0.857411143200614,0.818181818181818,0.818181818181818,0.0818181818181818,1.84741247754519,10,0.980022955921918,787.485125054039,Samjard (pty),2017
LIM119,269.9977,146.0239,146.0239,269.9977,269.9977,269.9977,2,1,1,2,2,1,2,0.147282813594616,0.110462110195962,0.106128474260736,2,1,0,,,0,0.141504632347648,0,,,,0.141504632347648,1,1,1,1,0,1,1,0.00577818124696779,11448.2909366531,"Nylesriver Game Conservation
Thithombo game farm",2002
LIM120,4400,447.1416,135.50065,806.138051868557,53.9595936979442,3.91003984966258,12,0,5,4,5,0,4,61.5901738256068,46.1926303692051,46.1926303692051,20,20,11.2841324413683,,,15.444929372472,16.2946620580531,29.8505823950816,1.05501693566146,0.545874175665597,0.517407974425881,61.5901738256068,,,0,0,0.132352941176471,4.03747074732453,17,,8578.41757024453,Rhinoland Safaris,1976
LIM121,1417.49,229.13336,161.4991,91.8068548009225,16.4015386121879,4.13800475941506,12,2,5,5,6,1,4,64.2384287988763,48.1788215991573,47.8055254740707,24,21,0,,,20.2219790256119,21.6889182617349,21.8298033447475,1.07254182363976,0.993546204663978,0.926347283402239,63.7407006320943,1,0.873549678475589,1,0.909090909090909,0.175,3.30233509853941,16,0.497728166782089,3433.58707434417,Thaba Nkulu Game Farm,2000
LIM123,4400,520.02667826087,97.5,956.524335680827,73.3557811094283,6.48470139762957,13,2,5,5,6,1,4,39.4548715949406,29.5911536962055,29.24156076065,23,19,8.47583772147007,0.81180536231688,yes,15.0985574292295,7.10228085858663,16.7879093930505,0.470394664647713,0.423059279884288,0.899370914848971,38.9887476808666,0.782608105527085,0.424160588877488,0.947368421052632,0.789473684210526,0.138157894736842,3.96498679094429,16,0.466123914074051,14535.4363838188,MTH Lodge holdings trading as Abelana,2010
LIM124,899.9948,275.656614285714,175,145.372478197272,35.8440687961146,10.0170723257808,4,0,3,2,3,0,2,67.4571262423252,73.5766172143525,73.5766172143525,7,7,0,,,7.02995665332093,3.86127378547826,56.565895803526,0.54925997070753,0.0682615157177016,0.124279065211635,67.4571262423252,,,0,0,0.119047619047619,2.29717987198853,6,,815.792967555612,Lleweni Safaris,2019
LIM125,899.9948,242.061666666667,177.4995,107.585870997509,24.3810489234584,10.0032275337445,6,0,5,3,5,0,3,132.428564150102,99.3214231125766,99.3214231125766,12,12,0,,,29.3693980332205,57.0975895839849,45.9615765328967,1.9441184841242,1.24228962300973,0.638998925813599,132.428564150102,,,0,0,0.25,2.97418101308756,8,,1421.29130303536,Buffelsfontein Safaris,2018
LIM126,899.9948,252.677066666667,179.999,145.308880970739,31.0217640812949,19.9781634270392,5,0,4,2,4,0,2,55.8459692596545,41.8844769447409,41.8844769447409,9,9,0,,,16.794683246714,22.8330556689809,16.2182303439596,1.3595407149729,1.40786356986753,1.03554351433719,55.8459692596545,,,0,0,0.0972222222222222,2.93792470082652,8,,1097.96550069546,H&H Safaris,2014
LIM127,400,142.8999125,121.99955,249.059230643584,63.3979655703218,7.06316411903288,6,2,4,5,6,2,3,45.638925653926,59.0601635685821,56.7346661494573,8,5,0,,,11.7809706278371,4.03916880351311,26.718122997076,0.342855349623655,0.151177116893846,0.440935563816605,42.5382624284263,1,1,1,1,0,2.32931246974393,5,3.10066322549973,453.063263513112,Triplikor 129,2010
LIM128,899.9948,213.058011111111,170.0014,121.041588368691,22.6256659471648,3.65777892122666,10,1,5,4,6,1,3,16.9281412288313,12.6961059216235,12.6857599970624,18,17,0,,,4.14525846248711,2.45918945312225,10.3098987471405,0.593253587291819,0.238527022760949,0.402065875150988,16.9143466627498,1,0.516724006606317,1,0.823529411764706,0.199095022624434,2.72933778787275,13,0.0137945660814499,10156.1730302193,West Dunes Properties 82,1992
LIM129,2949.9863,323.635578947368,86.6004,2251.97300981671,122.229523568061,0.469629639856836,11,0,5,4,5,0,4,55.8737069287891,43.83311317424,43.83311317424,19,19,0,42.6531065456276,yes,2.63516203012932,46.285676974886,6.95286792377377,17.5646417357549,6.65706259378558,0.379003608154122,55.8737069287891,,,0,0,0.154385964912281,2.07360877911577,15,,9336.9084400448,Piet Warren Plase,1981
LIM130,569.9936,162.486916666667,168.24955,80.395042412861,19.5416472192615,4.86126955190315,8,1,5,4,6,1,3,76.7200656696072,57.5400492522054,56.9988658017981,12,11,0,,,33.3426239633745,23.9305389539866,18.7253248183697,0.717716127569122,1.27797724130854,1.78061658672351,75.9984877357308,1,1,1,1,0.161616161616162,2.59281836803173,9,0.721577933876425,1119.06900431671,Thabazimbi safaris,1990
LIM134,2949.9863,317.655286956522,86.6004,280.826382303818,28.3438370429549,2.92291202024867,13,2,5,5,6,1,4,40.7990084798573,30.5992563598929,30.3581495534548,23,20,0,2.2151308868158,yes,3.08524956587999,12.7966304075758,24.595652764484,4.14768080647178,0.520280170244317,0.125438816177104,40.4775327379398,1,0.918979313644831,1,0.9,0.183333333333333,3.09536887762682,15,0.321475741917501,5326.97425250665,PP Mare Boerdery,1970
LIM135,899.9948,194.0922,135.50065,111.201297693004,16.8098227142444,3.36248284568039,9,0,5,3,5,0,3,129.210281543591,96.9077111576931,96.9077111576931,20,20,0,,,25.2824116598178,36.831608001925,67.0962618818481,1.45680754263102,0.548936810619687,0.376808050861885,129.210281543591,,,0,0,0.2,2.91280479183628,15,,772.621950106353,Stokkies draai/ Kareafontein 422,
LIM136,2949.9863,470.439133333333,179.999,1151.89955796749,94.4943249316274,6.67123732606464,10,0,5,4,5,0,4,58.9478455552396,44.2108841664297,44.2108841664297,15,15,0,23.0177330783593,yes,17.7397730477359,31.3704755398901,9.83759696761366,1.76836960966047,3.18883520469122,1.80326284011604,58.9478455552396,,,0,0,0.183333333333333,3.72757359733658,12,,4485.65113464943,Zinnshoek Safaris,2010
LIM137,899.9948,213.157894444444,165.2502,191.036026759271,24.4230412130234,5.11065175154748,10,1,5,4,6,1,3,86.4003498835185,64.8002624126389,64.6027678136399,18,17,0,,,18.3203647125233,17.7073122989018,50.1093467400947,0.966537106480068,0.35337344130119,0.365607733973198,86.1370237515198,1,0.846673754489052,1,0.941176470588235,0.180995475113122,2.85205711218925,13,0.26332613199869,3066.52246729548,Chimoyo Wildlife pty limited,2002
LIM138,899.9948,299.29926,169.0013,-Inf,,,4,1,3,3,4,1,2,0,0,0,5,4,0,,,0,0,0,,,,0,,,1,0.75,0,2.33420726124077,4,0,,Black Rock Rhino Conservation,
LIM139a,899.9948,244.756293333333,175,121.801609202102,26.3250862362022,8.15916600176109,8,0,5,3,5,0,3,50.0039083927727,37.5029312945795,37.5029312945795,15,15,0,,,10.5315604450292,14.8408318260586,24.6315161216849,1.40917691196116,0.602513939975995,0.427564441953191,50.0039083927727,,,0,0,0.218181818181818,2.41571908488433,11,,12322.3903311738,Waterburg Estate,
LIM139b,899.9948,223.190670588235,169.0013,179.489663765945,23.8018440005839,4.58716513460433,10,1,5,4,6,1,3,72.8434344713519,54.632575853514,54.3899382199931,17,16,0,,,22.3018029233182,12.2982147922902,37.9198999110491,0.551444869034848,0.324320866382529,0.588129266575936,72.5199176266575,1,0.930390659178414,1,0.9375,0.158653846153846,2.52091152362364,13,0.323516844694436,4991.98427063472,Limpopo Estate,
LIM140a,899.9948,183.833710526316,161.4991,123.116605306291,15.6176760448358,4.37043088039234,10,1,5,4,6,1,3,49.3674626076733,37.025596955755,36.7857913162735,19,17,0,,,15.3604742134379,12.1912035175587,21.4960440240347,0.793673642373192,0.567137074334597,0.714572141565367,49.0477217550313,1,0.863202981499125,1,0.941176470588235,0.199095022624434,3.19243472870357,13,0.319740852642043,1207.22171349225,Curaloe products,2008
LIM140b,4400,479.971565,172.00065,570.721233378818,49.4336141922432,6.73579335636648,11,3,5,6,7,2,4,47.0939306802143,35.3204480101607,35.1014400120081,20,17,6.07064761728057,,,13.954931149554,11.9350141456335,20.9119747208233,0.85525424795915,0.570726308967326,0.667317713217119,46.8019200160109,0.870290628777541,0.799783680438878,0.941176470588235,0.823529411764706,0.151260504201681,3.52778781045536,14,0.292010664203443,7247.99111626091,Mapesu Private Game Reserve,2014
LIM141,2949.9863,462.577092857143,194.99965,226.438599712542,46.3003113982143,5.86605580243835,6,0,4,3,4,0,3,109.862169613774,82.3966272103308,82.3966272103308,14,14,0,8.43293267115338,yes,15.5032808722973,36.0248736814003,58.3340150600768,2.3236935444918,0.617562045820078,0.265767423283496,109.862169613774,,,0,0,0.214285714285714,2.73601158224658,8,,3148.35629967964,Pailex Ranch cc,2010
LIM142,569.9936,148.689846666667,102,138.36639879487,18.3516341503449,5.3170686635561,9,0,5,3,5,0,3,223.863103074097,167.897327305573,167.897327305573,15,15,0,,,22.9983836295893,107.590621928965,93.274097515543,4.67818189581554,1.15348874762403,0.246567742193987,223.863103074097,,,0,0,0.166666666666667,2.65011152293583,12,,524.441203967142,Sable View Safaris,2020
LIM143,4400,386.093208,86.6004,1930.97310889787,109.89828341581,2.80539019293483,13,3,5,6,7,2,4,63.6179692241232,47.7134769180924,47.4436101236001,25,20,27.761313738699,,,18.7921823553968,8.60215298155866,35.8638114945113,0.457751676674649,0.23985607282358,0.523987316804652,63.2581468314668,0.561142475250484,0.347219728905028,0.95,0.85,0.1625,3.47263032282597,16,0.359822392656358,24883.5486138047,Selati Game Reserve,1993
LIM144,580.0027,263.513757142857,179.999,383.059708665266,70.1705356999716,3.56456286505909,4,0,3,3,3,0,3,151.024382656978,113.268286992734,113.268286992734,7,7,0,,,0.62806553564703,29.8288598761662,120.567457245165,47.4932283068783,0.247403906142861,0.00520924592753005,151.024382656978,,,0,0,0.171428571428571,1.69268557764213,5,,1203.69604299521,Robedi game breeders pty Ltd,2012
LIM145?,899.9948,180.08424375,84.5502,-Inf,,,9,0,4,3,4,0,3,0,0,0,16,16,0,,,0,0,0,,,,0,,,0,0,0.158653846153846,4.79521319555815,13,,,Giant Baobab Buffalo and Sable breeders,
LIM146,899.9948,294.591166666667,194.99965,144.232119204213,35.2274441059662,9.90439468374268,5,0,4,2,4,0,2,74.7715283733917,56.0786462800438,56.0786462800438,12,12,0,,,15.231585639341,16.2967057888333,43.2432369452174,1.06992838268533,0.376861376253557,0.352230469209257,74.7715283733917,,,0,0,0.25,2.39031938499995,8,,3119.33334618047,Little Okavango Safaris,1982
LIM147,899.9948,169.454323809524,97.5,81.0751225399415,13.422700330148,5.84917186932853,10,2,5,5,7,2,3,87.9333892615231,65.9500419461424,65.6259821182566,21,18,0,,,18.6333355771159,37.096146834174,31.7718270797189,1.99084842757476,1.16757990470916,0.586473529846516,87.5013094910088,1,0.964065828361053,1,0.944444444444444,0.190476190476191,2.96607465408593,14,0.432079770514312,2289.85402121997,Siaghopa tradings 118 Pty Limited.,2007
LIM148,1417.49,290.01885,177.4995,193.093325008025,23.5138959330578,4.09478422246818,8,0,5,4,5,0,4,44.3361043674187,45.8267056940302,45.8267056940302,17,17,0,,,5.34542255961754,6.970214179908,32.0204676278932,1.30395943485649,0.217679962107618,0.166937679416059,44.3361043674187,,,0,0,0.208333333333333,2.6173139825557,12,,3340.05920034832,Ubejane wildlife,2015
LIM149,1417.49,228.503475,131.74955,182.109652848757,17.1443231883863,3.04015138231735,10,1,5,5,6,1,4,69.4958680434431,52.1219010325823,51.910112814645,23,22,0,,,7.89918537593928,12.8308688023253,48.4834295745954,1.62432810368115,0.264644413873076,0.162925466396427,69.21348375286,1,0.925701064957049,1,0.91304347826087,0.20952380952381,2.28036121529248,15,0.282384290583085,4003.3873614771,Kera pty Ltd,1986
LIM15,2949.9863,328.1202,169.0013,426.350733345686,43.8672210437878,3.00077276292128,10,2,5,6,7,2,4,80.8096824393803,63.5726083594888,63.4922472016458,19,17,0,11.6636421841541,yes,6.04221333775019,29.8194173992067,44.8409034919662,4.93518115504175,0.665004829899317,0.134747805401217,80.7025342289231,0.855473656489291,0.0941582565735415,0.941176470588235,0.411764705882353,0.220588235294118,3.10296509220979,12,0.107148210457239,2529.21536294021,Phala phala,2011
LIM150,4400,498.530563157895,175,1199.71067742862,111.408839836212,9.02921836274139,10,3,5,6,7,2,4,43.8119573283404,32.8589679962553,32.5959871352118,19,14,11.8502284264968,,,10.8637475994848,11.0129261325451,21.5846424482525,1.01373177457357,0.510220456926617,0.503309129420594,43.4613161802824,0.727338482402588,0.481430951257622,0.928571428571429,0.785714285714286,0.175324675324675,4.17852256788969,11,0.35064114805799,21164.1489913577,Siyafunda Wildlife and Conservation,
LIM151,899.9948,239.189573333333,171.0015,137.048217031292,24.2891464970818,9.20439358063357,7,1,5,4,6,1,3,72.9669756176349,54.7252317132262,54.6526120519489,15,14,0,,,8.332591424497,20.0138222964966,44.5237356816049,2.40187251203244,0.449509053768939,0.187149422593029,72.8701494025985,1,0.62120342050588,1,0.785714285714286,0.214285714285714,2.71917836758778,8,0.0968262150364207,6506.49206687496,Bushmen safaris,1985
LIM152,4400,394.455026923077,165.2502,-Inf,,,13,2,5,5,6,1,4,0,0,0,26,23,0,,,0,0,0,,,,0,,,0.956521739130435,0.869565217391304,0.181159420289855,5.28536238870835,18,0,,Anonymous,2016
LIM153,899.9948,203.21716,170.0014,64.2977118368179,13.4002400221372,7.7031041800918,8,0,5,3,5,0,3,70.4623573734924,52.8467680301193,52.8467680301193,20,20,0,,,5.77277304056492,26.6315581198448,38.0580262130827,4.61330420106705,0.699761936437208,0.151683458523146,70.4623573734924,,,0,0,0.242307692307692,2.87421606135017,13,,3341.33375146729,Crown Breeders Pty.,2000
LIM154,899.9948,231.60962,177.4995,49.9085346232978,21.2515312133848,14.5719340658101,5,0,4,2,4,0,2,78.3075399697873,58.7306549773404,58.7306549773404,10,10,0,,,14.6439346243814,43.1234532052966,20.5401521401092,2.94479962601707,2.09947097329861,0.71294187718239,78.3075399697873,,,0,0,0.214285714285714,2.20227990599679,7,,414.506739868516,Marvel Africa Safaris,2011
LIM155,899.9948,274.881578571429,194.99965,163.014200165709,28.5632235487605,12.4344044115926,6,0,5,3,5,0,3,95.5514072897772,71.6635554673329,71.6635554673329,14,14,0,,,17.1785692524708,33.1029977431518,45.2698402941546,1.9269938757205,0.731237343185993,0.379470507093638,95.5514072897772,,,0,0,0.228571428571429,2.4197855065038,10,,2807.63635732136,Panthera pardus PTY LTD,2000
LIM156,899.9948,185.643805555556,92.0502,87.4299105826983,17.1809746516041,3.75432544846945,10,0,5,3,5,0,3,35.5502779446722,33.9474528848153,33.9474528848153,18,18,0,,,6.86107571608675,12.0505602118999,16.6386420166856,1.75636601468275,0.724251426277176,0.412357914137844,35.5502779446722,,,0,0,0.174603174603175,3.03994651707587,14,,5405.1312847414,Skala,2016
LIM158?,580.0027,170.569025,165.2502,-Inf,,,8,1,5,4,6,1,3,0,0,0,16,14,0,,,0,0,0,,,,0,,,1,1,0.238095238095238,3.44436046918217,9,0,,Ivy Bonds Moris PTY LTD,1999
LIM16,899.9948,178.666188888889,57.49985,268.436775487621,32.0821534588461,1.00543159362462,8,3,5,5,7,2,3,124.441186544543,93.3308899084074,93.0841393846862,17,14,0,,,13.7265060947364,20.2034467643314,90.1822329871805,1.47185646696203,0.224029125195905,0.152208540862895,124.112185846248,1,0.266673953864625,1,0.8,0.161538461538462,2.02302035244723,10,0.329000698294865,1009.72612435694,Farm:Hartebeestdrift,2010
LIM160,899.9948,193.54065,67.50005,151.531455816673,20.7342290196015,3.81256382001136,7,0,5,3,5,0,3,69.6868948678586,52.265171150894,52.265171150894,12,12,0,,,7.36956684254187,51.6704113591011,10.6469166662156,7.01132270906702,4.85308685875789,0.692178503277548,69.6868948678586,,,0,0,0.133333333333333,2.1045998326008,10,,1470.37284979187,Leopard Rock Game Breeders,2005
LIM161,227.4993,126.871285714286,102,60.7646386402598,22.7761455100927,12.9232279491655,4,0,2,3,2,0,3,36.0859779081127,27.0644834310846,27.0644834310846,7,7,0,,,0,25.6076702944638,10.4783076136489,,2.44387464451869,0,36.0859779081127,,,0,0,0.214285714285714,1.88942024138811,4,,118.206340724967,Sutherland Hunting Academy,2007
LIM162,4400,403.563208,161.4991,155.804851516753,25.4166872006813,3.15122123080122,12,2,5,6,7,2,4,40.9349132666728,30.7011849500046,30.5699503365539,25,22,1.29365475882351,,,10.6312210945846,9.6331653537726,20.4955473337147,0.906120309987684,0.470012593317099,0.51870881618743,40.7599337820719,0.968261607937339,0.789463695239205,0.954545454545455,0.863636363636364,0.204545454545455,3.12202914538268,16,0.174979484600878,30610.9491190782,Matlabas reserve,2014
LIM163,899.9948,281.232311111111,210.0003,44.4349487887903,22.602413185328,20.368925821632,4,0,3,2,3,0,2,13.6483592751745,10.2362694563809,10.2362694563809,9,9,0,,,3.47130783354118,3.56395289106595,6.61309855056736,1.02668880490217,0.538923299541663,0.524913972927769,13.6483592751745,,,0,0,0.158730158730159,2.4669412495709,7,,2671.19052663815,"Philip Bronkhorst - for hunting
Klip Rivier - for tourism",1997
LIM164,899.9948,186.134326086957,97.5,172.446081496695,23.0217054499195,5.27735495141072,10,3,5,5,7,2,3,151.536708846323,113.652531634742,113.1222444753,23,18,0,,,43.6781755557762,35.4456309350554,71.7058528095681,0.811518120526625,0.494319913176261,0.609129852646393,150.8296593004,1,0.80839213571379,1,0.944444444444444,0.174603174603175,2.88914197002539,14,0.707049545923636,4671.22922154697,Bandur,1985
LIM165,899.9948,161.734647058824,62.9999,240.129112761036,38.4273820322888,2.328182742614,11,3,5,5,7,2,3,41.5750643810373,31.181298285778,30.6524580437843,17,13,0,,,14.3332305714425,7.41581489515639,19.1208985917801,0.517386143911731,0.387838200153646,0.749610720575876,40.8699440583791,1,0.350651430229625,1,0.846153846153846,0.0705128205128205,2.54842702868541,12,0.705120322658294,1158.668348857,Leadwood Nature Reserve,1982
LIM166,899.9948,288.715933333333,211.75065,91.0985153687765,29.5995679448205,23.4463877261663,6,0,5,3,5,0,3,59.2592997502033,44.4444748126525,44.4444748126525,12,12,0,,,13.9998570191927,14.8599348064677,30.3995079245428,1.06143475509042,0.488821557353914,0.460529066915917,59.2592997502033,,,0,0,0.133333333333333,2.49596002704488,10,,1557.87362471632,Snydersfontein,2002
LIM167,2949.9863,404.972173333333,179.999,209.422129879374,35.1698004084122,12.7286293966525,7,1,4,4,5,1,3,159.417091839558,119.562818879669,118.946446895472,15,14,0,11.2588175976427,yes,15.2103591906174,69.5733091505528,73.8115941861259,4.57407404247688,0.942579684366583,0.206070053876122,158.595262527296,1,0.929009117812048,1,0.928571428571429,0.238095238095238,2.78574284720753,9,0.821829312261984,786.046920402455,Schoogezicht,2001
LIM18,2949.9863,334.432404761905,169.0013,699.730411384527,49.4430515659554,1.76340413416294,10,0,5,4,5,0,4,247.651871266169,185.738903449627,185.738903449627,21,21,0,58.7424917062241,yes,37.1696077040876,110.603805000787,99.8784585612949,2.97565166362043,1.10738398042967,0.372148391550084,247.651871266169,,,0,0,0.238095238095238,3.38227559307743,14,,1004.37901570574,Dabchick Wildlife Reserve,1995
LIM2,569.9936,156.435916666667,133.25065,69.732564613237,12.9230230456035,4.83653615819801,10,0,5,3,5,0,3,48.963972619144,39.3502956074398,39.3502956074398,18,18,0,,,5.65146026933177,24.9303146412374,18.3821977085747,4.41130494653291,1.35622056929614,0.307442034893115,48.963972619144,,,0,0,0.190476190476191,3.30172760119574,14,,3140.08651822271,Letlapa Pula,1999
LIM20,400,101.289421428571,68.74985,323.916705572268,28.6857957970364,0.790876809868042,9,2,4,5,6,2,3,186.015151258188,280.60576458635,280.482730268553,14,12,0,,,21.8057024920879,2.34216818772417,161.703234821314,0.10741081093691,0.0144843619876394,0.134850131577044,185.851105501126,1,0.153539694849449,1,0.75,0.0757575757575758,1.72244830945565,11,0.164045757061922,531.559008667836,Stetson/kliepriver,2011
LIM21,580.0027,159.683223809524,97.5,86.5668232414393,12.9550534408514,3.02412978853493,10,0,5,3,5,0,3,40.9842004377911,37.0668646565301,37.0668646565301,21,21,0,,,5.112120506207,11.5812612123312,24.2908187192529,2.26545152804389,0.476775251842453,0.210454845729639,40.9842004377911,,,0,0,0.20952380952381,3.19604598936888,15,,1007.31359789888,Regalo Game Farm,2014
LIM22,1417.49,264.81672,170.0014,97.2687292129302,16.9121911655057,2.72468385107131,9,0,5,4,5,0,4,107.350592131383,80.5129440985373,80.5129440985373,20,20,0,,,16.0951243134617,55.2212008320862,36.0342669858352,3.43092726446979,1.53246355347795,0.446661626828389,107.350592131383,,,0,0,0.214285714285714,2.77921359065159,14,,1866.86761871537,Ticaboo,2011
LIM24,4400,641.871881818182,179.999,-Inf,,,6,0,4,3,4,0,3,0,0,0,11,11,0,,,0,0,0,,,,0,,,0,0,0.204545454545455,3.66618123365782,8,,,Adventures with Elephants,2008
LIM25,899.9948,178.001940909091,92.0502,277.242128653165,22.7464383361355,2.57229511148995,10,3,5,5,7,2,3,124.607274975097,93.4554562313231,93.2235860220651,22,19,0,,,16.9418087343687,23.2017830485679,84.1545229131502,1.36949858261002,0.275704528353311,0.201317863234198,124.298114696087,1,0.376127734287605,1,0.842105263157895,0.206766917293233,2.40898747340036,14,0.309160279010653,976.194293024302,Voorwaarts,2014
LIM26,580.0027,155.8000125,84.5502,222.677928071963,23.2211660681767,5.86761118726757,8,2,4,5,6,2,3,69.8001714113892,53.5739013923498,52.9894260183957,16,14,0,,,4.3246681694379,30.1863198774978,34.509882865848,6.98003146017589,0.874715222733228,0.125316802327304,69.0208709127838,1,0.255271804292192,1,0.5,0.2,3.0452834131584,10,0.779300498605419,1532.14710132574,Rosema Game Breeders,2007
LIM27,569.9936,179.758025,173.00075,43.4961822550148,12.8986435762595,10.088647949678,7,0,5,3,5,0,3,28.1601069728615,21.1200802296462,21.1200802296462,12,12,0,,,2.59689932007446,19.0549803436261,6.50822730916102,7.33758917657219,2.92782956686288,0.399017919429313,28.1601069728615,,,0,0,0.222222222222222,2.84546029126927,9,,687.746030889171,Pietes Snyman Farming,2010
LIM28,899.9948,215.158352941176,171.0015,201.313972928958,29.673656218297,2.63908707352741,9,2,5,5,7,2,3,147.986691530204,110.990018647653,110.758828820521,17,15,0,,,22.4684300937149,55.9502041090726,69.2598042245734,2.49016971260148,0.807830815225168,0.324407935385747,147.678438427361,0.870739708476096,0.0867125892995994,0.933333333333333,0.4,0.218181818181818,2.54490943689919,11,0.308253102842786,565.768838631761,Ukuta,1995
LIM29,580.0027,107.02205,58.9998,278.745754118858,29.2796721898313,2.91707641576955,11,3,4,5,6,2,3,172.290748545104,129.218061408828,127.339159516584,16,12,0,,,30.8437017067691,38.246204935253,100.69563938009,1.24000048045009,0.379819872744314,0.306306230306014,169.785546022112,1,0.519406109456288,1,0.916666666666667,0,3.03439905495613,12,2.50520252299195,298.53849863874,Rimarumi Safari,2008
LIM30,400,176.75025,136.7505,395.132669565528,99.2480414441097,0.899513721017872,4,0,1,3,1,0,3,149.367859630265,250.35430360472,250.35430360472,4,4,0,,,1.14553226180733,0,148.222327368458,,,0.0077284730454928,149.367859630265,,,0,0,0,1.04030690097277,4,,745.508466651666,Annix Belemi Pty,
LIM31,400,101.523564705882,58.0003,254.51431369467,22.4232063838533,1.28478442516783,9,2,4,5,6,2,3,169.807363334618,228.374042237306,228.028768576059,17,14,0,,,13.6722282876675,39.2512862842602,116.423483881027,2.87087704055273,0.337142344274554,0.117435313150731,169.346998452955,1,0.0923834821264557,1,0.714285714285714,0.155844155844156,2.2607740327403,11,0.460364881663168,746.150311811419,Netrac Boerdery,2014
LIM32,899.9948,183.995628571429,68.74985,132.362996054539,27.4406436167684,9.45512113080871,9,2,5,5,7,2,3,112.497850080583,84.3733875604371,83.6414603828337,14,12,0,,,38.0933784280855,51.935631446766,21.4929373022602,1.36337688044164,2.4164045479863,1.77236726150407,111.521947177112,0.852929154641184,0.134608130178321,0.916666666666667,0.5,0.0757575757575758,2.91146804248175,11,0.975902903471104,658.46745379524,Inswempe,2002
LIM33,899.9948,180.272666666667,99.75,70.027459154524,11.6050637740024,2.61391029186546,12,2,5,5,7,2,3,37.3287092586907,27.996531944018,27.9039363805519,24,22,0,,,15.0748519959237,13.1501160208555,8.98028049062331,0.872321401524293,1.4643324375654,1.67866159767103,37.2052485074025,0.930868091517638,0.221330203956485,0.954545454545455,0.5,0.18716577540107,3.10240288225381,17,0.123460751288184,6998.21433925367,Trophy trackers africa,2004
LIM34,899.9948,175.024772727273,92.0502,304.788080925577,26.3091975502717,2.37495448287983,11,2,5,5,7,2,3,59.4276772810736,44.5707579608052,44.2481190342848,22,20,0,,,25.7259189450867,9.96898733799314,23.3025857626332,0.387507531189554,0.427806057213568,1.10399417503011,58.9974920457131,0.66134462007383,0.149402434363258,0.95,0.55,0.183333333333333,2.66079745089053,15,0.430185235360442,2027.03377132265,Zonnebloem Wildlife,2015
LIM36,899.9948,211.660646153846,161.4991,129.912104682113,26.2487527019416,2.2840210894648,8,1,5,4,6,1,3,200.221934307133,150.16645073035,148.88099321548,13,12,0,,,51.4503647799934,116.097334888826,30.9602912851538,2.25649196823519,3.74987863710757,1.6618178526203,198.507990953973,1,0.855652383011421,1,0.916666666666667,0.166666666666667,2.42172914360177,9,1.7139433531596,94.226626394788,Kololo Game Reserve,2007
LIM37,569.9936,178.427122222222,169.0013,138.780096006564,30.4214701366137,7.47524228740046,5,0,5,3,5,0,3,62.4778951270102,46.8584213452576,46.8584213452576,9,9,0,,,0.329788645292625,34.8275236246804,27.3205828570372,105.605587462775,1.27477235046285,0.0120710691648981,62.4778951270102,,,0,0,0.158730158730159,2.43097587561128,7,,262.291625969254,River hotels,2007
LIM38,899.9948,207.529655,165.2502,134.370892873464,18.1227063298461,2.88605901158474,9,1,5,4,6,1,3,138.101648578861,103.576236434145,103.138177554276,20,18,0,,,25.8254856987394,46.3830164351855,65.3090679384435,1.79601719697569,0.710207906793333,0.39543491453715,137.517570072368,1,0.964051135869076,1,0.944444444444444,0.222222222222222,2.79449255278179,12,0.584078506492188,1092.31497634048,Henlu wildlife & hunting,2008
LIM39,899.9948,240.7086375,179.999,210.307155989318,29.4210878435933,3.44490223998187,7,0,5,3,5,0,3,120.897750731651,90.673313048738,90.673313048738,16,16,0,,,36.8730752157259,32.8018181811402,51.2228573347846,0.889587266297516,0.640374627419799,0.719855883375056,120.897750731651,,,0,0,0.227272727272727,2.54243605941413,11,,764.573023406967,Zwartkloof Private Game Reserve,1998
LIM4,899.9948,224.007716666667,92.0502,363.694965138048,45.7931623732981,1.50194421229644,6,0,5,3,5,0,3,178.313364524396,133.735023393297,133.735023393297,12,12,0,,,25.2020813384277,0,153.111283185968,,,0.164599765699941,178.313364524396,,,0,0,0.133333333333333,1.42189975729488,10,,658.783279723984,Cherokee Game Farm,2012
LIM40,899.9948,153.049593333333,82.5,102.725472719812,19.3002007010161,4.24735227936566,9,2,4,4,5,1,3,133.589660121829,100.192245091372,94.1728439864652,15,12,0,,,60.9598701637679,38.8798720858088,25.7240497323769,0.637794535673363,1.51142112110263,2.36976179092992,125.563791981954,1,0.885859926390895,1,0.916666666666667,0.0757575757575758,3.17357760295081,11,8.02586813987583,816.358241352987,Imberbe PTY LTD,1998
LIM42,899.9948,191.129240909091,131.74955,105.932721420114,18.2501510149696,2.0939609902169,10,1,5,4,6,1,3,147.721206292033,110.790904719025,109.870326237758,22,20,0,,,54.9540081959657,34.2996402204107,57.2401199006349,0.624151747004483,0.599223766126846,0.960061025227799,146.493768317011,1,0.882296296134029,1,0.95,0.214285714285714,2.94940099390384,14,1.22743797502161,1565.85655577926,Bentinck cc.,2012
LIM43,899.9948,150.432005882353,62.9999,121.052266612873,16.1217481626137,5.60405934499027,8,1,5,4,6,1,3,73.1200594013389,62.9006120752016,61.9958174008942,17,15,0,,,15.6952383047476,7.18731250718427,49.0311156903305,0.45792949222123,0.146586762426083,0.320107712903684,71.9136665022624,1,0.8654967044111,1,0.933333333333333,0.166666666666667,2.84688792908138,12,1.20639289907653,372.18223046878,Masjienburo BK CC,
LIM44,4400,456.53754137931,161.4991,614.29048053406,45.2105905413368,4.65564401637493,14,3,5,6,7,2,4,60.2016726977465,47.5345366631451,47.4006820809554,29,24,1.55354687633707,12.4989327316422,yes,9.64623448082637,24.0000760855814,26.3768893550857,2.48802536713014,0.909890312026273,0.36570781152276,60.0231999214935,0.97411755990402,0.629038014180673,0.958333333333333,0.833333333333333,0.175438596491228,3.47647224544777,19,0.178472776253012,42483.430017647,Thaba Tholo Pty Ltd,1990
LIM45,899.9948,170.879322222222,86.6004,221.480994456114,14.7114876126006,1.33285076155418,11,3,5,5,7,2,3,249.486296065497,315.50538055745,313.891950949045,27,22,0,,,11.9710372115824,27.2802737169365,208.083745659105,2.27885631251249,0.131102377220893,0.0575299006352666,247.335056587624,1,0.980946230418961,1,0.954545454545455,0.233333333333333,2.07755890737751,15,2.15123947787259,2482.65725640255,They have two enterprises under which they operate: Buffelspoort Boerdery and Theo Rossouw's Safaris.,1986
LIM46,400,88.8272545454545,43.2504,216.458064226355,22.6904533063522,1.37177484263048,5,0,3,3,3,0,3,246.802871546697,310.311071989328,310.311071989328,11,11,0,,,23.3944438729314,10.1279791195286,213.280448554237,0.432922414165493,0.0474866739458918,0.109688647185033,246.802871546697,,,0,0,0.141414141414141,2.31320697539005,9,,44.9249148946881,Le Petit 5 small antelope breeding project,2000
LIM47,899.9948,208.307584210526,169.0013,221.693043530098,20.5464867146508,4.61451229137982,9,1,5,4,6,1,3,112.999038069255,84.7492785519411,84.6764763122931,18,17,0,,,9.86089704545477,22.5128252242059,80.5282461467301,2.28304028735224,0.279564330547885,0.122452648819487,112.901968416391,1,0.480047305622329,1,0.833333333333333,0.208333333333333,2.34410595227393,12,0.0970696528639514,1298.03492937794,Grootfoutein Wild,2019
LIM49,899.9948,212.452370588235,161.4991,203.909799942801,36.4535519791063,5.32975296475352,8,2,5,5,7,2,3,86.8837088605525,65.1627816454144,64.6442999006209,17,14,0,,,22.9979951173174,14.485421053081,48.7089836970961,0.629855819135016,0.297387051702018,0.47215099498552,86.1923998674945,1,0.773432246560979,1,0.928571428571429,0.119047619047619,2.33657243060865,12,0.691308993058036,1382.59245807288,Spiralhorn safaris,2009
LIM5,899.9948,187.861616,161.4991,147.370456293063,12.7735184491143,1.80252892017827,10,2,5,5,7,2,3,197.232144310656,147.924108232992,147.635422666585,25,22,0,,,14.3454522655062,74.6586649755875,107.84311298102,5.20434375952755,0.692289594688606,0.133021496403122,196.847230222113,1,0.988960524774881,1,0.954545454545455,0.254545454545455,2.70212421669603,15,0.384914088542271,2899.08068635802,Lenteguer Boerdery,2001
LIM51,899.9948,166.913921428571,99.75,101.919988543336,11.6763239722441,1.52880050762063,11,1,5,4,6,1,3,101.12769420841,75.8457706563076,75.5463356069302,28,27,0,,,18.2607682734464,48.6140178680071,33.8536613344535,2.66221098368015,1.43600473188794,0.539403052835,100.728447475907,1,0.669071561177427,1,0.888888888888889,0.218323586744639,3.48055225795944,19,0.399246732503189,3155.93816410241,Romaco Ranch,2000
LIM52,400,113.72503,67.50005,-Inf,,,7,0,4,3,4,0,3,0,0,0,10,10,0,,,0,0,0,,,,0,,,0,0,0,4.25045207750191,10,,,Driefontein Ghonaskraal,1996
LIM53,102,61.500025,56.25005,55.4879937697691,20.4124743396548,12.6631623676505,3,0,2,3,2,0,3,171.015845136255,128.261883852191,128.261883852191,4,4,0,,,4.53641980373563,0,166.47942533252,,,0.0272491318051751,171.015845136255,,,0,0,0.166666666666667,1.60639984346239,3,,20.8314054008365,Little Swift Investment 307 pty limited,2015
LIM54,899.9948,171.5953375,119.00015,127.46757093527,15.9592649454018,4.46527923503237,10,3,5,5,7,2,3,63.729580193587,47.7971851451903,47.5071786357469,23,19,0,,,15.752934694078,22.6658657639151,24.9241043896695,1.43883449046709,0.90939539529892,0.632036138502421,63.3429048476626,1,0.858368547312417,1,0.95,0.206349206349206,3.26281490674887,14,0.386675345924462,5517.53382388331,Tallyho Hunting Safari,2005
LIM55,899.9948,231.916941176471,175,305.05134338202,29.9328753555491,2.95763918463316,8,1,5,4,6,1,3,93.5733754798251,79.5636322997558,79.3411480845258,17,15,0,,,18.8448089122039,7.57493114977773,66.8569897975369,0.401963807914879,0.113300511625141,0.281867445262966,93.2767298595185,1,0.946883723888216,1,0.933333333333333,0.218181818181818,1.97714161337143,11,0.296645620306599,3996.33373577109,Ledrea Game Lodge PTY LTD,2000
LIM56,899.9948,187.446494117647,161.4991,106.149724526645,19.5118894928238,7.9556641708919,8,2,5,5,7,2,3,140.016085803301,105.012064352476,104.493125099079,17,14,0,,,30.0161941146331,84.2757718468999,25.0322008372383,2.80767680023147,3.36669445866422,1.19910327940405,139.324166798771,1,0.882055180178102,1,0.928571428571429,0.175324675324675,2.92251925250897,11,0.691919004529511,657.227792592889,zebula Control Bodies,
LIM58,569.9936,157.21529375,129.49955,170.289706107533,23.8594611514491,8.36052023571363,10,3,5,5,7,2,3,51.5440396200774,58.8913476909031,58.2547691854788,16,12,0,,,5.26742545791996,7.36492828276275,38.0629145388289,1.39820265926859,0.193493545410182,0.138387339008066,50.6952682795116,1,1,1,1,0.133333333333333,2.6300707122494,10,0.848771340565776,1853.37867198886,De Hoek Safaris,1993
LIM59,899.9948,201.622673333333,171.0015,131.982003295337,24.5442564366074,5.19342697571788,8,1,5,4,6,1,3,108.317458753597,81.238094065198,81.05319606818,15,14,0,,,34.1298694691122,43.0919782437871,30.8490803780075,1.26258842808601,1.39686427328666,1.10634965616167,108.070928090907,1,0.688239140234601,1,0.857142857142857,0.228571428571429,2.75838164747531,10,0.246530662690665,511.09179939251,Re Cama Trust,
LIM6,899.9948,209.935614285714,172.00065,192.527587099887,25.2086297440707,7.66226956653495,7,0,5,3,5,0,3,92.7750857469503,69.5813143102127,69.5813143102127,14,14,0,,,29.2406269324641,41.4644546558204,22.0700041586659,1.41804260050885,1.87876968022859,1.32490355335899,92.7750857469503,,,0,0,0.175324675324675,2.80821848026897,11,,1042.99806807973,calali bush lodge,2008
LIM60,899.9948,185.060514285714,84.5502,216.634725906666,38.3834744246294,4.27759168868506,10,1,4,4,5,1,3,44.6301940926745,33.4726455695059,33.2068007161751,14,12,0,,,17.8434320949909,7.10105278262211,19.3312494106204,0.397964514047472,0.367335428341267,0.923035636030222,44.2757342882334,1,0.759293358243108,1,0.916666666666667,0,2.8660344679804,12,0.354459804441096,1266.7106238124,Waterfall K3 / Gondomark pty limited,
LIM61,899.9948,174.941995,129.49955,112.261880458486,15.6197117374653,6.76730330993336,10,2,5,4,6,1,3,52.4785678829506,39.358925912213,38.8263182071225,19,16,0,,,13.4395208648176,13.9524700654087,24.376433345937,1.03816722379843,0.572375370399883,0.551332538033407,51.7684242761633,1,0.955574296465879,1,0.941176470588235,0.123076923076923,3.45146558652173,13,0.710143606787298,1956.63917371037,Bulay Game Farm PTY LTD,
LIM62,899.9948,199.477016666667,165.2502,166.738262370608,24.2562552095308,2.6584968805986,10,1,5,4,6,1,3,106.421023937018,79.8157679527636,79.3973603963306,18,16,0,,,32.4767799857048,38.2968631004307,35.089504108972,1.17920751741052,1.09140508174462,0.925541149993079,105.863147195107,1,0.814734193607999,1,0.9375,0.158653846153846,2.97784904161919,13,0.557876741910681,917.761687369239,Umndeni Game Lodge,2008
LIM63,899.9948,255.962709090909,179.999,163.125251103704,35.5141568009599,9.43647865508839,6,0,4,3,4,0,3,143.978193194539,107.983644895904,107.983644895904,11,11,0,,,40.7229656156578,51.4813195154228,51.773908063458,1.26418394969812,0.994348725854796,0.786553828730576,143.978193194539,,,0,0,0.161616161616162,2.60693580807984,9,,1103.60095146705,GS Scoonbee Landgoed PTY LTD,2009
LIM64,62.9999,62.9999,62.9999,-Inf,,,1,1,0,1,1,1,1,0.355724312255352,0.266793234191514,,1,,0,,,0,0,0,,,,,,,,,,,,0.355724312255352,531.309481777363,Tegeta 81cc,2000
LIM65,899.9948,263.35614,179.999,263.987592731284,26.2469826768954,4.94384988648415,6,0,5,3,5,0,3,100.831801104606,75.6238508284546,75.6238508284546,15,15,0,,,6.95917227238121,30.7088192433237,63.1638095889013,4.41271146070021,0.486177439948454,0.110176576075361,100.831801104606,,,0,0,0.233333333333333,2.27821960948579,10,,4423.30650760959,Tembani wildlife,2004
LIM66,899.9948,221.749575,173.00075,223.670034941216,31.3537973827619,3.85308051465206,8,1,3,3,4,1,2,499.003525605073,635.154260309648,634.168053766178,12,11,0,,,44.3530576678488,121.482515371725,331.853010507538,2.73898851081436,0.36607326594967,0.133652720522303,497.688583547112,1,0.924511799363908,1,0.909090909090909,0.238636363636364,2.40586637565532,8,1.31494205796052,143.73234079465,Delta breeders PTY LTD,2013
LIM67,899.9948,201.373276470588,97.5,296.523645714841,29.9352962709819,1.41655132790497,10,0,5,3,5,0,3,79.0977617598882,59.3233213199162,59.3233213199162,17,17,0,,,11.9048128424191,7.39814916844743,59.7947997490218,0.621441871146974,0.123725628307142,0.199094451229663,79.0977617598882,,,0,0,0.101960784313725,1.95171016199044,15,,2008.00384822702,Noord Transvaal Motors Pty Ltd,2014
LIM68,899.9948,229.253514285714,173.00075,129.700185780114,24.0501571479472,8.93718747274219,7,1,5,4,6,1,3,49.7179121306557,52.3942995077151,52.3754876699915,14,13,0,,,8.36739778512003,8.78017752128612,32.5452543739514,1.04933191259296,0.269783650187525,0.257100395927989,49.6928296803576,1,0.829768018166651,1,0.846153846153846,0.205128205128205,2.46863261565268,9,0.0250824502981006,3723.71912990785,"Leliepan property investments and Leliepan Buffaloes (two separate enterprises, one for the farm and one for buffalo breeding)",
LIM69,4400,1670.73433333333,580.0027,1174.51570880635,799.847581414529,799.847581414529,3,1,2,3,3,1,3,21.7828220142649,16.3371165106987,16.3291417664726,3,2,5.81176773213575,,,0,0,21.7721890219635,,,0,21.7721890219635,0.73306461163492,,0.5,0,0,1.73024355931381,2,0.0106329923014256,9085.01551224186,Shambala Game Reserve PTY LTD,2001
LIM71,899.9948,189.13968125,135.50065,143.653647894535,17.8175635094911,3.06510768447795,8,0,5,3,5,0,3,225.394032910263,169.045524682697,169.045524682697,16,16,0,,,37.0820205494081,90.5078083842898,97.8042039765647,2.44074640602977,0.925397934898348,0.379145466572106,225.394032910263,,,0,0,0.116071428571429,3.27646183205563,14,,1125.72792910192,Bonwa Phala Game Lodge,
LIM72,4400,369.870753571429,131.74955,540.42202647499,37.097594490613,2.14797347350162,13,1,5,5,6,1,4,52.558942154442,39.4192066158315,39.0697983469716,28,25,6.39823624140593,,,9.5099144579962,16.2051846564401,26.3779653481924,1.70403053865688,0.614345513102685,0.360524943166167,52.0930644626288,0.877176812164775,0.745491626130227,0.96,0.88,0.189473684210526,3.81961978927174,19,0.465877691813272,12378.4113327139,Nyati wilderness PTY LTD,2018
LIM73,213.501,88.1364,58.0003,47.3160082503825,14.5887285203482,4.42749808165561,7,1,5,4,6,1,3,107.111415023814,80.3335612678603,78.8227230196312,11,10,0,,,30.9843071859576,46.4282462566705,27.6844105835468,1.49844390510407,1.67705381035865,1.11919692465376,105.096964026175,1,1,1,1,0.15,2.80605320598604,8,2.01445099763882,156.369899475945,Tsala safaris,2016
LIM74,169.0013,169.0013,169.0013,169.0013,169.0013,169.0013,1,0,1,1,1,0,1,0.0236103548777498,0.0177077661583123,0.0177077661583123,1,1,0,,,0,0,0.0236103548777498,,,0,0.0236103548777498,,,0,0,0,1,1,,7157.93137693434,Net betyds boerdery,1987
LIM75,899.9948,185.785029166667,131.74955,126.143141329064,18.304037077428,2.01403003454331,11,1,5,4,6,1,3,95.1834141023652,71.3875605767739,70.9100141702257,24,22,0,,,17.5263864238228,33.2971999230108,43.7230992134673,1.89983257916483,0.761547111755401,0.40084959069929,94.5466855603009,1,0.892007501286296,1,0.954545454545455,0.18716577540107,2.75373641082025,17,0.636728542064315,705.163928327006,Budapest game farm,2015
LIM76,899.9948,202.005973333333,169.0013,51.382040817119,15.1062846680919,7.24721977075842,8,0,5,3,5,0,3,104.810300993862,78.6077257453965,78.6077257453965,15,15,0,,,16.6948311250268,43.0666971138257,45.0487727550095,2.57964257268021,0.956001561863562,0.370594582361188,104.810300993862,,,0,0,0.166666666666667,2.97476792425709,12,,752.029170344773,Enviro Game Breeders,2014
LIM77,2949.9863,1518.29335,1518.29335,2893.36090444715,1447.51160555894,1447.51160555894,2,0,2,2,2,0,2,18120.2193229105,13590.1644921829,13590.1644921829,2,2,0,17772.3992036563,yes,0,17772.3992036563,347.820119254185,,51.0965243809498,0,18120.2193229105,,,0,0,0,1.09953788797311,2,,9.95921687172018,Thaba Manzi Wildlife Services,
LIM8,899.9948,275.968553846154,210.0003,185.976672480925,27.1309138000646,7.98281166082979,6,0,4,3,4,0,3,135.636559805964,101.727419854473,101.727419854473,13,13,0,,,19.5486190842206,31.8852179452549,84.2027227764886,1.63107265059925,0.378672053514141,0.23216136532914,135.636559805964,,,0,0,0.161538461538462,2.61057968788694,10,,1200.23780190893,Babirwa Game Ranch,2014
LIM80,899.9948,211.478405263158,171.0015,176.761893238794,15.6316406714074,4.38995844794294,9,0,5,3,5,0,3,108.410936952857,81.3082027146429,81.3082027146429,19,19,0,,,4.14289867838846,33.7640620088638,70.5039762656049,8.14986429308419,0.478895855202077,0.0587612060741254,108.410936952857,,,0,0,0.242914979757085,2.69965094679818,13,,6144.21398543632,Dries Visser,1983
LIM81,227.4993,136.42016,102,65.3747901058958,27.4906078670856,17.7886608650952,4,0,2,2,2,0,2,4.46275912305579,3.34706934229185,3.34706934229185,5,5,0,,,1.36651322927267,0.728054676793719,2.36819121698941,0.532782750432082,0.307430697137399,0.577028248170714,4.46275912305579,,,0,0,0.15,2.49855926715992,4,,624.951139664083,Out of Africa,2020
LIM82,899.9948,168.364523529412,82.5,360.90136379943,34.4889844565988,1.46038171089717,10,2,4,5,6,2,3,127.590100755831,95.6925755668731,94.4615456686283,17,13,0,,,21.6385154402867,22.7002435095475,81.6099686083368,1.04906658556086,0.278155278045636,0.265145493979228,125.948727558171,1,0.96781546505485,1,0.923076923076923,0.0705128205128205,2.35064916280254,12,1.64137319765974,444.047033934259,Waterberg bushveld retreat,
LIM83b,899.9948,188.04212,99.75,141.42173191197,22.3149696071006,2.94603110039534,11,1,5,4,6,1,3,46.2068278189049,34.6551208641787,34.0464174381235,20,18,0,,,14.1959900232024,12.84780436803,18.3514288595989,0.905030529539052,0.700098312034696,0.773563199455016,45.3952232508313,1,0.842863834422188,1,0.944444444444444,0.174603174603175,3.26032707992875,14,0.811604568073646,3154.23249289512,Lindelani Game and Lodges,1992
LIM85?,899.9948,215.7555625,173.00075,-Inf,,,7,0,4,3,4,0,3,0,0,0,16,16,0,,,0,0,0,,,,0,,,0,0,0.227272727272727,3.4647169155311,11,,,Wilger Group,1978
LIM86,899.9948,244.834076923077,171.0015,239.146468486452,40.1045026886615,5.75562582423201,9,0,5,3,5,0,3,54.384308080687,45.6052553232184,45.6052553232184,13,13,0,,,19.6244964728817,3.1123484201469,31.6474631876585,0.158595071442864,0.098344325473791,0.620096983967252,54.384308080687,,,0,0,0.0705128205128205,2.09019249617224,12,,934.186700042653,Runde Farms,2000
LIM87,4400,352.724641666667,99.75,2019.33593296889,111.20142542205,1.5732051196445,11,2,5,5,6,1,4,9.42370541411294,7.0677790605847,6.79393571223139,24,20,4.1573450030271,,,1.02725851393783,1.05173542593255,6.97958700977148,1.02382741214857,0.150687343600719,0.147180415187841,9.05858094964186,0.541060015234343,0.482389049353495,0.95,0.9,0.1625,3.238569923019,16,0.36512446447108,16933.8844740428,All days development PTY LTD.,2010
LIM89,899.9948,198.208690909091,139.87515,157.300131354342,17.2237431365795,1.81324935840912,9,0,5,3,5,0,3,141.422573566705,106.066930175029,106.066930175029,22,22,0,,,25.1484059356042,49.0342527289416,67.2399149021596,1.94979565919606,0.729243230011387,0.37401007975988,141.422573566705,,,0,0,0.204545454545455,2.55884376096195,16,,4914.68367086506,New Wycombe Farm,1998
LIM9,899.9948,192.791721052632,97.5,153.351531628264,24.3193769261009,3.65515020178862,9,2,5,5,7,2,3,135.201470552534,101.401102914401,101.200801155871,19,17,0,,,29.3061294444385,36.4757197328182,69.1525523639053,1.24464473556539,0.527467439536722,0.423789555737859,134.934401541162,0.850811484084105,0.198083651997631,0.941176470588235,0.529411764705882,0.180995475113122,2.85647184600327,13,0.267069011372381,894.153158289993,Palanca PTY,2009
LIM90,569.9936,160.008909090909,169.0013,167.399030355992,24.5877198210385,6.74399955259378,8,0,5,3,5,0,3,37.5314377972725,28.1485783479544,28.1485783479544,11,11,0,,,4.11488840400574,14.0869076694636,19.3296417238031,3.42339968582146,0.728772310979596,0.212879703762876,37.5314377972725,,,0,0,0.0818181818181818,3.08388310733157,10,,2689.02699505251,Ouhoek Safaris,
LIM91,1417.49,236.841236,161.4991,156.665331199032,20.1549707061607,3.39494700859365,11,3,5,6,7,2,4,68.3851385330473,51.2888538997855,51.0023090561379,25,21,0,,,10.1611611213663,19.9216667122868,37.9202509078641,1.96056990675964,0.525356932914054,0.267961336702524,68.0030787415173,1,0.913134508045807,1,0.904761904761905,0.193452380952381,2.8242214598312,16,0.382059791530046,3157.61047549314,Sangoma safaris,2000
LIM92,1417.49,233.460882352941,161.4991,269.831365305815,34.3470267260731,3.83559297022764,10,2,5,5,6,1,4,76.8850952717408,80.6342143580068,78.7466577754061,17,15,0,,,12.3507861059629,20.3320262255859,41.6855408300579,1.64621312774332,0.487747689504012,0.296284655543132,74.3683531616067,1,0.809641432880786,1,0.933333333333333,0.15,3.37411311917802,12,2.51674211013418,1501.93338633273,Boelamien,1986
LIM93,899.9948,177.749672727273,60,343.943639046171,37.7930913180164,0.802798052529292,7,1,3,4,4,1,3,168.762576251277,262.504012705437,262.401248215685,11,10,0,,,7.81970904562297,0.213865748375618,160.591982137609,0.0273495787538704,0.00133173366147482,0.0486930227869182,168.625556931608,1,0.97291459491947,1,0.9,0.175,1.27160341213295,8,0.137019319669786,1379.36533662177,Marone Barone,
LIM94,899.9948,300.636025,196.75,227.564213260076,60.8858960689186,11.3388020555982,5,0,4,2,4,0,2,63.290161640482,47.4676212303615,47.4676212303615,8,8,0,,,17.0876105484288,12.8214494489508,33.3811016431024,0.750336005880571,0.38409305918159,0.511894746048913,63.290161640482,,,0,0,0.107142857142857,2.47984509547189,7,,393.675030276163,Matamba Bush Campsite,2014
LIM95,1417.49,315.288893333333,175,230.740533159749,26.4346165736205,9.25515827536243,8,0,5,4,5,0,4,55.7889816912881,41.8417362684661,41.8417362684661,15,15,0,,,21.6283214738722,16.1321744811002,18.0284857363157,0.745881944680193,0.894815832957301,1.19967488064209,55.7889816912881,,,0,0,0.15,3.44489456830005,12,,1887.68240981257,Ditholo Wildlife Estate,
LIM96?,2949.9863,349.517336842105,171.0015,-Inf,,,9,0,5,4,5,0,4,0,0,0,19,19,0,0,yes,0,0,0,,,,0,,,0,0,0.242914979757085,4.59489636719358,13,,,Zwartkloof Housing Development Game Reserve,
LIM97,4400,353.753596,161.4991,542.798483267507,39.0298025039279,1.82240021601288,12,2,5,5,6,1,4,55.8439526443328,41.8829644832496,41.5972692692566,25,22,6.84210141437047,,,25.0988807738375,4.61880094371936,25.7453439747853,0.184024179617359,0.179403349523819,0.974890092687014,55.4630256923422,0.876636708348294,0.733648264639497,0.954545454545455,0.909090909090909,0.18716577540107,3.42865813058733,17,0.380926951990665,19292.3185445279,Greater Kuduland Safari,1971
LIM98,1417.49,234.69157,129.49955,162.210274713192,24.9692516091476,2.43920503124165,11,1,5,5,6,1,4,55.8621088381456,41.8965816286092,41.1894189956549,20,18,0,,,14.8268453045125,23.2339085061728,16.8584715168546,1.56701631594561,1.37817408197084,0.879489299471133,54.9192253275399,1,0.76517507807201,1,0.888888888888889,0.144444444444444,3.38181643156263,15,0.942883510605646,2364.01694899537,Jembisa Lodge CC,
LIM99,227.4993,108.705655555556,86.6004,111.74919570418,21.8767374896142,7.49956474636293,7,1,4,4,5,1,3,92.878189347245,69.6586420104338,69.1880707905881,9,8,0,,,16.067978083777,54.028493794769,22.1542891755714,3.36249486482178,2.43873740956419,0.725276173676313,92.2507610541174,1,1,1,1,0,2.35046026856598,8,0.627428293127589,200.81944244484,Zandfontein,2013
LN2,569.9936,118.69238,84.5502,131.080164405636,12.3285173980538,2.29650885263819,10,0,5,3,5,0,3,29.6683289987568,22.2512467490676,22.2512467490676,20,20,0,,,7.44181135106774,8.55776146272345,13.6687561849656,1.14995678592358,0.626081945344538,0.544439541562169,29.6683289987568,,,0,0,0.183333333333333,3.36555346925833,15,,2506.28900950626,Collieskraal,1995
LN3,569.9936,167.477928571429,86.6004,99.2705286028137,23.6286489466392,8.16639359454787,5,0,5,3,5,0,3,57.1102519197213,42.832688939791,42.832688939791,7,7,0,,,30.2233779097337,1.63242747387772,25.2544465361099,0.0540120789526965,0.0646392100315326,1.19675471274015,57.1102519197213,,,0,0,0,2.65801002366597,7,,321.606937154089,Jabula Farm,2003
LN4,400,119.980869230769,82.5,134.748170640372,15.5489231123407,2.25474421650713,9,0,5,3,5,0,3,35.1960763546868,37.5125421937798,37.5125421937798,13,13,0,,,2.18206053048318,5.44999248714675,27.5640233370569,2.49763579470454,0.197721225980092,0.0791633537601033,35.1960763546868,,,0,0,0.125874125874126,2.46759918494096,11,,2192.88678437369,Mount Melsetter,1986
LN5,899.9948,162.109576,102,106.43061023144,8.64279889251536,1.51238189120114,11,1,5,4,6,1,3,166.09696349197,124.98073309045,124.958292636922,23,22,0,,,86.3696203828604,10.5153597057061,69.1820627986997,0.1217483608136,0.151995463568395,1.24843950713311,166.067042887266,0.991155203433835,0.473182941172593,0.958333333333333,0.541666666666667,0.235714285714286,3.07705729377103,14,0.0299206047037815,3676.37623266678,De Draai,2010
P1,899.9948,164.826607692308,82.5,241.987171977191,34.5137744426183,0.15440861149404,9,0,5,3,5,0,3,0.955623535455778,1.25870664413821,1.25870664413821,13,13,0,,,0.278153556610536,0.0530137478229806,0.624456231022262,0.190591659042524,0.0848958584914667,0.445433231013143,0.955623535455778,,,0,0,0,1.86100671597747,13,,69189.5970503331,Assegaai Trails,2010
P100,400,149.85016,60,228.812795288017,51.756025901612,5.99879202912747,4,0,2,3,2,0,3,358.396271712133,460.997952419858,460.997952419858,5,5,0,,,10.1159376300357,0,348.280334082097,,,0.0290453885565963,358.396271712133,,,0,0,0.15,1.60452347448576,4,,636.053713982546,Morgenzon Farm,
P103,400,94.50645,59.00015,71.9077921854845,8.2529521695794,0.644419061792779,8,0,5,3,5,0,3,521.113932488085,478.660806465236,478.660806465236,16,16,0,,,52.3730410923665,4.40503060503583,464.335860790682,0.0841087420771882,0.00948673358446802,0.112791290776432,521.113932488085,,,0,0,0.208333333333333,1.87702690373033,12,,362.936184409778,Deklerksdal Boerdery,1940
P104,899.9948,175.763904761905,102,131.830954915918,16.2652760275739,3.19915563631253,10,1,5,4,6,1,3,327.626504215601,245.719878161701,245.687776988276,21,20,0,,,87.0864006082628,86.6025806165449,153.894721426228,0.994444368026023,0.562739123304236,0.565882960774645,327.583702651035,0.8904433625985,0.0764527955354773,0.95,0.25,0.2,3.37700039232369,15,0.0428015645659302,752.315956824421,Bombazi Wilderness,2000
P105,400,125.8187375,92.0502,33.7605719173674,6.09139701760119,1.64770507436507,8,0,5,3,5,0,3,72.1788751217584,55.7206147426618,55.7206147426618,16,16,0,,,10.6611273229302,5.7510008003721,55.7667469984561,0.539436461658487,0.103125986540533,0.191173555868794,72.1788751217584,,,0,0,0.144230769230769,2.30567467609097,13,,5909.38910977044,Skietfontein,1984
P106,580.0027,129.26772,99.75,58.1639428863816,3.29111540170841,0.137347734922299,9,0,5,3,5,0,3,101.410207464329,76.0576555982471,76.0576555982471,20,20,0,,,0.497987661682414,1.36308594801452,99.5491338546325,2.73718819339708,0.0136925947543148,0.00500243088412607,101.410207464329,,,0,0,0.214285714285714,1.10815698430656,14,,1220.66638748907,Induna Safaris,2007
P108,400,88.97487,43.875,182.556323194707,21.7236542123709,0.280558099374009,7,0,4,3,4,0,3,214.218569508429,252.32085152856,252.32085152856,10,10,0,,,3.45677456148706,7.05537162794015,203.706423319001,2.04102740935036,0.0346349983127019,0.0169693940189299,214.218569508429,,,0,0,0.15,1.77775619696061,8,,2291.1525930094,Highland Farm Trust,1988
P110,86.6004,49.7835333333333,43.2504,31.5551220246861,13.9097580151248,6.32556623377412,2,0,2,2,2,0,2,28.5149990331043,21.3862492748282,21.3862492748282,3,3,0,,,26.4321736068949,0,2.08282542620942,,,12.690537226156,28.5149990331043,,,0,0,0,1.61625102558351,3,,83.1566572121275,Gonubie Green 'CET. D.T. Hudson ChristianE@villlageTrust,2000
P111,43.2504,43.2504,43.2504,-Inf,,,1,0,1,1,1,0,1,0,0,0,1,1,0,,,0,0,0,,,,0,,,0,0,0,1,1,,,Daily bread child  + youth care center.,
P112,400,172.875,130,-Inf,,,4,0,1,3,1,0,3,0,0,0,4,4,0,,,0,0,0,,,,0,,,0,0,0,3.3409364577562,4,,,Kalkfontein,
P113,400,103.8236,54.9997,123.037878662409,9.59550990894857,0.191383978409236,10,1,5,4,6,1,3,15.1559628446778,15.7328812667401,15.7208750821124,17,16,0,,,0.127557632009257,0.144656889765924,14.8677400767323,1.13405123227301,0.00972958156514381,0.00857949031600855,15.1399545985075,1,0.676064304324658,1,0.6875,0.0583333333333333,1.76199184102542,15,0.0160082461703337,5153.56580116111,Verlorenrivier,1980
P114,580.0027,119.00025,53.7499,181.937452502025,19.7352013246881,1.49067284484411,10,1,5,4,6,1,3,1.89766031893103,1.42324523919827,1.38213289847717,16,15,0,,,0.436790953274191,0.495343318806298,0.910709592555742,1.13405123227301,0.543909192189583,0.479616067344165,1.84284386463623,1,0.226608450829455,1,0.666666666666667,0.0619047619047619,3.60305572150401,14,0.0548164542947971,1505.01434398376,Zandvlakte,
P115,400,110.222294444444,57.49985,49.0416413230363,6.21263186313334,0.388501752355928,10,1,5,4,6,1,3,45.6563986132881,38.8965556261986,38.8197608100889,18,17,0,,,0.815893241463496,1.91817282468117,42.8199394589971,2.35100957723399,0.0447962526083892,0.0190540493931517,45.5540055251418,1,0.834484395145898,1,0.647058823529412,0.101960784313725,1.52330225529146,15,0.102393088146316,805.714052516039,Damsedrif,1960
P116,213.501,91.0946222222222,86.6004,44.5702872749391,9.39010543019908,2.32125438522414,7,0,5,3,5,0,3,49.0232644782759,36.7674483587069,36.7674483587069,9,9,0,,,6.83416287629041,1.68044762957959,40.5086539724059,0.245889315194627,0.0414836699023447,0.168708712981324,49.0232644782759,,,0,0,0.0972222222222222,1.75378188858969,8,,1647.61159542512,Gorrielaagte (haddonvale farm),1999
P117,97.5,42.9999888888889,31.5,51.538656009889,6.2744310422336,0.389761086074785,6,0,4,2,4,0,2,36.8914872092107,27.668615406908,27.668615406908,9,9,0,,,1.85803137621705,3.29035990303384,31.7430959299598,1.77088500503851,0.103655922859381,0.0585334014148064,36.8914872092107,,,0,0,0,1.61754649526342,9,,1893.40381708874,DJ du Plessis en seun boerdery pty (agternek farm),
P118,400,87.6875375,50.62535,52.0781376558325,11.4356981704749,0.40846330203097,5,0,3,3,3,0,3,121.762812953968,101.992365422362,101.992365422362,8,8,0,,,2.26779335941469,0,119.495019594553,,,0.0189781412406083,121.762812953968,,,0,0,0.107142857142857,1.25046949974315,7,,3690.16461101195,Waaifontein boerdery,
P119,400,100.972294444444,53.7499,90.7800594337049,12.5382013721933,1.56383432503551,10,1,5,4,6,1,3,0.950104647268322,0.908610940957942,0.887047488471678,18,17,0,,,0.229097171364034,0.259807929495642,0.432448276426961,1.13405123227301,0.600783824697526,0.52976779849122,0.921353377286637,1,0.290779877873586,1,0.705882352941177,0.101960784313725,3.93656877153055,15,0.028751269981685,2869.42281341149,Doringdam pty (Ltd),
P120,240,85.15635,47.87525,21.7185139702152,3.08388731526049,0.296640126536397,9,0,5,3,5,0,3,27.7551136117155,20.8163352087867,20.8163352087867,16,16,0,,,0.58850007883106,0.667389239591124,26.4992242932934,1.13405123227301,0.0251852368282355,0.0222082002219213,27.7551136117155,,,0,0,0.107142857142857,1.70655478903881,14,,1117.03748843288,Kleinpoort,1996
P121,400,108.0626,56.25005,-Inf,,,9,0,5,3,5,0,3,0,0,0,16,16,0,,,0,0,0,,,,0,,,0,0,0.107142857142857,5.21135626720517,14,,,Rietrivier Farms,
P128,400,129.041916666667,47.87525,-Inf,,,5,0,4,3,4,0,3,0,0,0,6,6,0,,,0,0,0,,,,0,,,0,0,0,2.99522908501033,6,,,Bulls Run & Cowsmeade Farm,
P129,400,164.5,60,-Inf,,,3,0,0,3,0,0,3,0,0,0,3,3,0,,,0,0,0,,,,0,,,0,0,0,1.75368578042226,3,,,Riversdale farm,
P13,4400,478.236608333333,165.2502,280.985897385541,33.5459086961886,4.27035245887399,13,1,5,5,6,1,4,48.8977640095645,36.6733230071734,36.6036049084856,24,22,3.11669599174443,1.16088516122613,yes,5.64571615356795,10.6294704532558,32.5296199378237,1.88274971042216,0.326762823346005,0.173556167098141,48.8048065446474,0.936139568776013,0.883325980223964,0.954545454545455,0.863636363636364,0.18716577540107,2.71125121796055,17,0.0929574649171056,12705.7628029469,Mount Camdeboo Private Game Reserve,1997
P130,400,230,230,-Inf,,,2,0,0,2,0,0,2,0,0,0,2,2,0,,,0,0,0,,,,0,,,0,0,0,1.47564299486912,2,,,Stratmore farm,
P131,400,136.500025,56.25005,-Inf,,,3,0,1,3,1,0,3,0,0,0,4,4,0,,,0,0,0,,,,0,,,0,0,0.166666666666667,1.69025781613215,3,,,Kinnersely farm,
P132,400,110.673153846154,60,-Inf,,,9,0,5,3,5,0,3,0,0,0,13,13,0,,,0,0,0,,,,0,,,0,0,0.0705128205128205,4.88517990714048,12,,,Geluk Game farm,
P133,400,139.31042,101.0521,-Inf,,,4,0,1,3,1,0,3,0,0,0,5,5,0,,,0,0,0,,,,0,,,0,0,0,2.55074453109265,5,,,Zwart Modder Fontein Farm,
P134,400,230,230,-Inf,,,2,0,0,2,0,0,2,0,0,0,2,2,0,,,0,0,0,,,,0,,,0,0,0,1.47564299486912,2,,,Loto Greens,
P135,175,113.75005,113.75005,-Inf,,,2,0,2,2,2,0,2,0,0,0,2,2,0,,,0,0,0,,,,0,,,0,0,0,2,2,,,Yarrow farm,
P136,400,216.75,216.75,-Inf,,,2,0,0,2,0,0,2,0,0,0,2,2,0,,,0,0,0,,,,0,,,0,0,0,1.47564299486912,2,,,Delport river farm,
P138,60,46.75,46.75,-Inf,,,2,0,0,2,0,0,2,0,0,0,2,2,0,,,0,0,0,,,,0,,,0,0,0,1.47564299486912,2,,,Noorsdoring farm,
P139,400,178.184033333333,101.0521,-Inf,,,3,0,0,2,0,0,2,0,0,0,3,3,0,,,0,0,0,,,,0,,,0,0,0,2.44956400271899,3,,,Seven fountains beef cattle and multipurpose primary coop.,
P14,4400,453.880262068966,161.4991,180.430642652619,26.4465201772538,3.52288108408694,15,2,5,6,7,2,4,28.8523948449286,24.1977979403143,23.9103914201065,29,25,1.16743489842713,1.11815485600712,yes,6.90729426512111,7.00745220825164,14.5544396779454,1.01450031507073,0.481464925020105,0.474583317390627,28.4691861513182,0.958993035760768,0.839963524619519,0.96,0.84,0.17,3.21903961296785,20,0.383208693610389,26382.6274522858,Samara Private Game Reserve,2000
P140,400,164.5,60,-Inf,,,3,0,0,3,0,0,3,0,0,0,3,3,0,,,0,0,0,,,,0,,,0,0,0,1.75368578042226,3,,,Kyopart (Pty) Ltd,
P15,4400,381.7016125,131.74955,2951.45162441462,145.592625076534,0.949768502519863,13,2,5,5,6,1,4,31.0224636673575,23.2668477505181,23.2511309868849,24,21,20.7953297941571,,,3.04238423496206,3.70914791282902,24.2499758347221,1.21915827402888,0.15295470552668,0.125459268730728,31.0015079825131,0.329215539905769,0.323240485877664,0.952380952380952,0.904761904761905,0.156862745098039,2.58855230140052,17,0.0209556848443925,137742.465657112,Addo Elephant National Park,1931
P18,580.0027,122.334263636364,92.0502,98.848698453133,8.56054110578595,1.58112141534662,10,0,5,3,5,0,3,22.1057481737125,16.5793111302844,16.5793111302844,22,22,0,,,12.2849565271701,6.99659599794367,2.82419564859872,0.569525499131364,2.47737652361838,4.34989570685923,22.1057481737125,,,0,0,0.233333333333333,2.61929693511851,15,,4172.08981461545,Side by Side Safaris Trust and Diana Konservering,2012
P19,400,109.030095,59.00015,103.697687247686,8.77855723710713,3.02543526214543,7,0,4,3,4,0,3,83.1739021902052,82.5951328063012,82.5951328063012,17,17,0,,,33.3573331498468,21.6642014240849,28.1523676162736,0.649458436223472,0.769533906326294,1.18488553447862,83.1739021902052,,,0,0,0.3,2.51145323360109,10,,4081.18719768296,East Cape Safaris,1995
P2,1417.49,246.382623809524,97.5,117.166748739601,22.4669969050927,1.59479413962008,12,2,5,6,7,2,4,62.4349822509015,46.8262366881762,46.8085238944934,21,19,0,,,30.6620548849221,8.81973262237189,22.9295776853639,0.287643233810431,0.38464435513793,1.33722719649101,62.4113651926579,0.837007134129989,0.0782640817699467,0.894736842105263,0.473684210526316,0.138157894736842,2.71879494565944,16,0.0236170582436943,5538.3697093148,Bucklands private game reserve,2007
P20,240,118.95948125,94.3002,124.991213097441,9.8857087566212,1.91713527634591,9,0,4,3,4,0,3,46.0551915940983,34.5413936955737,34.5413936955737,16,16,0,,,28.3650526418295,4.00686393881786,13.6832750134509,0.141260585320015,0.292829306937049,2.07297248750363,46.0551915940983,,,0,0,0.227272727272727,2.3538921263449,11,,3365.35342998902,Hellspoort Valley Game Farm,2005
P21,1417.49,256.503618181818,140.87525,69.8605305309272,13.4492046708976,4.11656835485476,11,0,5,4,5,0,4,81.7003295177624,61.2752471383218,61.2752471383218,22,22,0,,,30.918665253872,33.7702733065552,17.0113909573352,1.09222933879159,1.98515649844575,1.81752716937824,81.7003295177624,,,0,0,0.18716577540107,4.07821289872052,17,,1419.13696596282,Bushman's reserve - porcupine game lodge / Ubukhulu,2009
P22,899.9948,207.31715,171.0015,94.9546123816623,15.3810815984889,3.21955025328069,10,1,5,4,6,1,3,58.9599585227103,44.2199688920327,44.2057572173687,19,18,0,,,17.8109666907809,18.8096988329399,22.3203440994374,1.05607399977206,0.842715450494064,0.79797007660065,58.9410096231583,0.978957075658126,0.194310723835569,0.947368421052632,0.421052631578947,0.220588235294118,3.2140267304204,12,0.0189488995519746,5805.05478422557,Rance rural development (Kei river reserve): Sweetlands,2004
P23,400,120.972138888889,81,22.5226678546023,6.85788727551379,3.85444226278516,6,0,4,3,4,0,3,54.0747524544283,42.0784489518849,42.0784489518849,14,14,0,,,9.18609310131189,15.4978268949666,29.3908324581498,1.68709664969032,0.527301392944019,0.312549605881091,54.0747524544283,,,0,0,0.0757575757575758,2.68830176570259,11,,1477.94452443129,Rockdale Farm,2018
P24,580.0027,138.797522222222,92.0502,-Inf,,,10,0,4,3,4,0,3,0,0,0,18,18,0,,,0,0,0,,,,0,,,0,0,0.192307692307692,4.6713112827212,13,,,CH Ballantyne PTY,1976
P25,899.9948,161.280057142857,99.75,81.6612421203755,6.00165019317792,1.64020892287993,11,1,5,4,6,1,3,531.172021418592,398.379016063944,398.355465652132,27,26,0,,,252.776702473546,44.5390023241965,233.824916071766,0.176199000494745,0.190480138183933,1.08105118445103,531.140620869509,0.98065194110431,0.498631287653719,0.962962962962963,0.555555555555556,0.217777777777778,3.26807440850185,18,0.0314005490828503,2627.32826048121,Blaauwkrantz Safaris,1985
P26,4400,482.499266666667,165.2502,891.293643009549,47.4596423691278,1.81609080145979,15,3,5,6,7,2,4,46.0510103039186,34.5382577279389,34.4166390858898,30,26,9.29555503969927,0.161178056532183,yes,13.5793464653287,6.88523726714963,25.4242683820415,0.507037454617518,0.270813585023868,0.534109625546609,45.8888521145198,0.797433262952375,0.73732976752492,0.961538461538461,0.807692307692308,0.184615384615385,3.65368176694442,20,0.162158189398812,27453.9819204014,Kwandwe Private Game Reserve,2000
P27,569.9936,128.458909090909,84.5502,100.718393106256,13.1079735896249,3.32032188499519,11,1,5,4,6,1,3,59.6561277220149,57.7344049678965,57.6962944021893,22,21,0,,,14.0594639608476,11.7854661650948,33.760383508463,0.838258570733181,0.349091596134874,0.416448585583254,59.6053136344055,1,0.289043099372644,1,0.619047619047619,0.19047619047619,3.35391319248882,15,0.0508140876094887,4329.48440776331,Mankazana Safaris,2003
P28,400,93.8126166666667,55.2502,361.913357987902,30.7175696165931,0.542897434954881,8,0,5,3,5,0,3,234.873285005489,375.382571436897,375.382571436897,12,12,0,,,10.6341408029586,2.38741016797329,221.851734034557,0.224504284098729,0.010761286939508,0.0479335482737408,234.873285005489,,,0,0,0.0757575757575758,1.33753805887042,11,,1505.81540123533,Kasouga Partnership,1985
P29,4400,409.203347368421,131.74955,116.905323010318,11.6185192847334,1.52737460463502,15,3,5,6,7,2,4,26.1834443171462,26.8089476064125,26.8012369769576,37,32,0.126216012886531,0.0846217065581569,yes,3.64176916970233,4.33124111806111,18.2001531901094,1.18932335253284,0.237978278139705,0.200095522914686,26.1731634778729,0.995177655425825,0.871298370359839,0.96969696969697,0.848484848484848,0.237536656891496,2.83015678411743,22,0.0102808392733,52291.3047961152,Kowie-kariega conservancy,
P30,4400,656.387234615385,166.2503,-Inf,,,13,1,5,5,6,1,4,0,0,0,24,23,0,0,yes,0,0,0,,,,0,,,0.92,0.8,0.214285714285714,4.84609030394415,14,0,,Schotia private game reserve,1990
P32,400,100.972294444444,53.7499,145.923566686638,10.4332002566879,0.748541492755684,10,1,5,4,6,1,3,3.53200049920473,2.66469357268669,2.63016872478215,18,17,0,,,2.71036555181786,0.132659685498791,0.642942131348698,0.0489453112366395,0.206332232763331,4.21556687556365,3.48596736866535,1,0.201953518492848,1,0.705882352941177,0.101960784313725,1.9480997041568,15,0.0460331305393778,35843.5539939775,Baviaanskloof Hartland Bewarea,2019
P33,580.0027,132.3500375,73.3002,59.6449541538685,10.0603037212003,2.10250654578672,7,0,4,3,4,0,3,32.2285140376994,24.1713855282745,24.1713855282745,16,16,0,,,9.93933042559527,6.10350625022053,16.1856773618836,0.614076199187732,0.377093038107503,0.614081833176897,32.2285140376994,,,0,0,0.107142857142857,3.2340201200106,14,,3556.94455121032,Nukamma wildlife and N. Dodds farming,2010
P34,213.501,98.3867454545455,82.5,-Inf,,,7,0,5,3,5,0,3,0,0,0,11,11,0,,,0,0,0,,,,0,,,0,0,0.0818181818181818,4.02807818710879,10,,,G.M. Dugmore Trading (Dikkop Game Farm),2002
P35,2949.9863,269.7927,102,-Inf,,,13,2,5,6,7,2,4,0,0,0,35,33,0,0,yes,0,0,0,,,,0,,,0.911764705882353,0.5,0.255681818181818,5.49135151331419,22,0,,Murray Ranches,1972
P36,2949.9863,399.934707142857,73.3002,1163.68661950443,99.1395533590441,1.56449308415441,8,0,5,4,5,0,4,290.233432913493,334.105031393462,334.105031393462,14,14,0,114.488925733068,yes,23.1874295023164,120.025564639243,147.020438771933,5.17632041219803,0.816386929884175,0.157715686988841,290.233432913493,,,0,0,0.119047619047619,2.70792467729316,12,,644.164114806597,FP Wehmeyer/ Klipheuval,2008
P37,899.9948,208.0922,135.50065,121.098072243681,21.0328113325691,2.15267880103017,9,0,5,3,5,0,3,95.3952841204925,93.8755972304251,93.8755972304251,20,20,0,,,20.1024147654638,14.4330912137404,60.8597781412883,0.717977983348384,0.237153201252779,0.330307066167662,95.3952841204925,,,0,0,0.235714285714286,2.50011782506438,14,,2804.63181452516,Lindale Trust/Umlambo Services,1975
P38,569.9936,127.18892173913,86.6004,252.107166872801,13.3523046758121,1.7017233763914,10,0,5,3,5,0,3,48.7953402586574,65.4285090749409,65.4285090749409,22,22,0,,,4.1705718857094,5.82689347109319,38.7978749018548,1.39714495536193,0.150185892547806,0.10749485368102,48.7953402586574,,,0,0,0.228571428571429,2.24011538464192,15,,65031.9002363549,Assegaai Conservancy,1998
P39,400,98.7408,57.49985,350.554248944059,23.770668175634,0.0704203636517507,10,1,5,4,6,1,3,147.460909780325,231.68872756626,231.631641156319,16,15,0,,,0.517241953905676,0.445622683234244,146.42192992993,0.861536230519126,0.00304341489999138,0.0035325442995677,147.38479456707,1,0.118050869498593,1,0.733333333333333,0.0619047619047619,1.23290011996689,14,0.0761152132547695,1083.87727593774,JD Stirk farm,
P4,4400,493.904465517241,169.0013,729.737413943576,49.5228502037081,2.183904653146,15,2,5,6,7,2,4,83.5141397650199,62.6356048237649,62.5912506379146,29,27,13.8409628412139,6.77166812365194,yes,25.0104176807957,22.2981027799069,36.1464803898502,0.891552594782474,0.616881714053912,0.691918477568249,83.4550008505529,0.714516165434968,0.341671472334212,0.851851851851852,0.740740740740741,0.17989417989418,4.12982001529906,21,0.0591389144670574,11762.1874914102,Buffalo Kloof Private Game Reserve,2000
P40,1417.49,236.992864705882,86.6004,106.544155165008,18.8086569007803,4.20066074063616,11,2,5,6,7,2,4,82.5533474976851,61.9150106232638,61.8435214413936,16,14,0,,,11.0859013266246,16.673469984278,54.6986572776222,1.50402475117056,0.304824118435889,0.202672275305741,82.4580285885248,0.861205101602504,0.695057625040746,0.866666666666667,0.6,0.125874125874126,4.45422470950205,11,0.0953189091602321,1372.23559472469,Edcof trust trading Teddy Farms,1980
P41,899.9948,217.589413333333,171.0015,137.126586732706,20.2843064304238,6.22157962220297,7,0,5,3,5,0,3,62.8966413207949,55.15850081144,55.15850081144,15,15,0,,,18.2054475678115,17.6082931131751,27.0829006398083,0.967199133533399,0.650162748346578,0.672211880475311,62.8966413207949,,,0,0,0.2,3.50367503834722,10,,281.742351067977,Diepkloof private reserve,2005
P42,899.9948,188.407284615385,139.87515,108.940251849115,10.9291620107035,3.9882240983511,10,0,5,3,5,0,3,72.4660242167821,54.3495181625865,54.3495181625865,24,24,0,,,15.7007482570355,25.961524602699,30.8037513570476,1.65352148685435,0.842803991688478,0.509702473411353,72.4660242167821,,,0,0,0.221590909090909,2.93672507670268,16,,4474.31462819112,Outpost SA Hunting,2000
P43,899.9948,184.992395238095,97.5,146.611752283655,14.7578096221956,2.92414568552906,10,0,5,3,5,0,3,59.8851407770629,44.9138555827972,44.9138555827972,21,21,0,,,2.46693581643513,13.3063124984347,44.1118924621931,5.39386246281151,0.301649096325648,0.0559245064933332,59.8851407770629,,,0,0,0.20952380952381,2.76189288046049,15,,1110.12876044642,Mpunzi Safaris,2010
P44,1417.49,193.0959625,68.74985,145.39710293042,16.4090234643053,2.39219028396137,11,3,5,7,8,3,4,44.2256900169519,33.1692675127139,33.1176026284921,16,13,0,,,31.3572222772392,4.27476175375187,8.52481947366504,0.136324630924173,0.50144894762376,3.67834443580984,44.1568035046561,0.984928562559828,0.200328327653311,0.923076923076923,0.615384615384615,0.0705128205128205,2.23259284386417,12,0.0688865122958281,4259.8832517432,TRUMPETTERS DRIFT GAME FARM,1995
P45,899.9948,163.353414814815,97.5,187.352886391237,16.8670603942876,2.40647154879389,11,2,5,5,7,2,3,0.396656452294639,0.297492339220979,0.291610674154932,27,25,0,,,0.118554753187931,0.122871760445835,0.14738771857281,1.0364136160029,0.8336634940525,0.804373351700703,0.388814232206576,0.791828923465739,0.147247354141895,0.96,0.52,0.225882352941176,3.05580118324766,17,0.00784222008806367,16678.9504159779,Burchell Private Game Reserve,1990
P47,4400,501.4147875,170.0014,1925.18607569332,112.346277498461,2.34927757198621,12,2,5,5,6,1,4,44.0056015746499,33.0042011809874,32.8501572425584,23,19,19.1644440326392,,,11.7020198381124,8.86263896096073,23.2355508576714,0.757359762123794,0.381425816639706,0.503625668691599,43.8002096567445,0.562457710069701,0.320587848099297,0.95,0.75,0.144444444444444,3.57074644756677,15,0.205391917905383,21122.4494334707,Shamwari Private Game reserve,1991
P48,899.9948,156.865061538462,97.5,138.109077036249,16.8491056991277,1.20255097511023,8,0,5,3,5,0,3,31.2523548312633,23.4392661234475,23.4392661234475,13,13,0,,,24.0895070852225,2.727070866638,4.43577687940276,0.113205756223667,0.614789909587421,5.43073011563782,31.2523548312633,,,0,0,0.0705128205128205,2.08749475311453,12,,1056.07523267282,Vaalkop Private Game Lodge,2008
P5,569.9936,185.593325,173.00075,263.699753514877,44.6750850910518,14.720010618856,6,0,5,3,5,0,3,24.892302183674,18.6692266377555,18.6692266377555,8,8,0,,,4.07807705847907,9.29814152311121,11.5160836020837,2.28003085517442,0.807404830009119,0.35412013314502,24.892302183674,,,0,0,0.107142857142857,2.59670571455172,7,,1039.40419448103,Thomas Baines,1980
P50,899.9948,159.005611111111,84.5502,182.312755882124,19.5130812106259,3.62225322749297,11,1,5,4,6,1,3,85.5836856876159,64.187764265712,64.1195070294332,18,17,0,,,21.2653520737596,22.644716912103,41.5826070533817,1.06486442517194,0.544571841852839,0.511400164171049,85.4926760392443,0.000793557889635008,0.000793557889635008,0.0588235294117647,0.0588235294117647,0.138655462184874,3.43157211698553,14,0.0910096483716264,755.40891795637,Crown river safari and African safari Lodge,1996
P51,899.9948,187.980766666667,110.749,95.5981896608906,14.2712073542161,5.45620735020185,8,0,5,3,5,0,3,47.1702466657454,37.4721726829718,37.4721726829718,21,21,0,,,11.6263687603901,13.4197527829435,22.1241251224118,1.15425143133798,0.606566483813149,0.525506373520397,47.1702466657454,,,0,0,0.178571428571429,3.12550192267957,16,,4476.03491446918,Tam safaris,1996
P52,400,99.10936875,57.49985,34.8621081566601,7.53231606824492,3.63523971680052,11,1,5,4,6,1,3,97.6296635659672,78.8188305167804,78.7726589601776,16,15,0,,,27.5968171544,5.46074993373535,64.5105344023615,0.19787607763545,0.0846489644571206,0.427787762263364,97.5681014904968,1,0.720843646800791,1,0.733333333333333,0.0619047619047619,3.31111424461835,14,0.0615620754703842,1340.10345443419,East cape plains safaris,1977
P53,569.9936,120.613857142857,73.3002,57.8856240404178,11.1948630932811,2.09565489503196,9,0,5,3,5,0,3,27.4717902867176,20.6038427150382,20.6038427150382,14,14,0,,,8.47422196806651,1.5907445462703,17.4068237723808,0.187715704434545,0.091386261334725,0.486833329209229,27.4717902867176,,,0,0,0.119047619047619,2.80305482342224,12,,3064.5981540091,"Karroo wild safaris (hunting)
Haaapoort bush camp (original enterprise - tourism)",2005
P54,4400,364.899265217391,102,1161.51841061754,70.6092397526784,1.81135327226304,12,2,5,6,7,2,4,27.4564494089527,20.5923370567145,20.5232885208741,23,20,7.22369014042754,,,8.29965562274854,2.29904304117459,16.7656860305756,0.277004630755177,0.137127883522441,0.495038235095924,27.3643846944987,0.736018543041468,0.696748801130872,0.95,0.9,0.123529411764706,3.98114075767504,17,0.0920647144539092,13400.3532984142,"Inquo, but trading as Kuzuko lodge.",2005
P55,4400,380.66497,102,1506.66849100493,99.8574382728723,3.432038754839,10,2,5,6,7,2,4,110.774347698349,83.0807607737621,82.8572864700104,19,16,37.8298372044042,,,9.55486224762245,12.2508258005665,88.6706939118249,1.28215619263531,0.138160932999451,0.107756709980458,110.476381960014,0.657575342953424,0.587534340513947,0.941176470588235,0.882352941176471,0.166666666666667,3.65224282278625,12,0.297965738335592,3489.30922665013,Sibuya Game Reservevand Lodging pty,2003
P56,400,93.0000111111111,52.5001,390.782410131464,43.5857349669632,0.16623517368483,7,0,3,3,3,0,3,72.2368341896536,120.339072903724,120.339072903724,9,9,0,,,0.282730270825126,0.197602012723772,71.7565019061047,0.698906460023139,0.00275378547552861,0.00394013452878579,72.2368341896536,,,0,0,0,1.06679404398848,9,,850.193010102821,Hillwagt Properties,1985
P57,400,82.3333,43.2504,397.160303827632,49.7047280604621,0.0281809698178027,6,1,2,4,3,1,3,28.7566393967784,48.298943452758,48.2695390028511,9,8,0,,,0.137756215275235,0.0588092205913831,28.5208680277026,0.426907929155017,0.00206197162492604,0.00483001482077721,28.7174334635692,1,0.00709924043091893,1,0.875,0.107142857142857,1.04096288573427,7,0.0392059332092108,2104.26186158523,GPV naude farming (tierkloof),
P58,899.9948,158.796744444444,71.25,101.868758701254,17.2607855276052,1.74706940002569,11,1,5,4,6,1,3,21.0585288797153,15.7938966597865,15.7611903456933,17,16,0,,,11.7818905279642,4.79642649679789,4.43660343616231,0.407101601004831,1.08110327321633,2.65561046811875,21.0149204609244,0.886811836355884,0.174538432036812,0.941176470588235,0.647058823529412,0,2.8182951206712,15,0.0436084187908795,1891.82621813507,Gendanite (Clifton Farm),2016
P59,580.0027,139.580304347826,86.6004,174.788695311012,13.4931800281169,3.44141690192181,11,1,5,4,6,1,3,81.6189036893351,61.2141777670014,61.1388008123408,21,20,0,,,8.20237498067126,22.4661216108549,50.8499044915949,2.73897763316062,0.441812464260741,0.16130561232474,81.518401083121,0.0021519559305213,0.0021519559305213,0.0454545454545455,0.0454545454545455,0.206766917293233,2.92650905564361,14,0.100502606214129,2736.2275502995,Sharp Move Trading (collective); Benghoil Private Lodge (singular),2006
P60,899.9948,177.35452,106.3745,228.35353731809,20.8281410752303,3.19548396637988,10,0,5,3,5,0,3,4.92387866371635,3.69290899778726,3.69290899778726,20,20,0,,,1.81187176123312,1.73691605212442,1.37509085035881,0.958630786840182,1.26312821561659,1.31763785698985,4.92387866371635,,,0,0,0.175,3.26531772540382,16,,1080.57813024665,Wilgerfontein,2004
P62,899.9948,218.344819047619,175,-Inf,,,8,0,5,3,5,0,3,0,0,0,21,21,0,,,0,0,0,,,,0,,,0,0,0.247619047619048,4.07634450153968,15,,,Glen Harry PGR,2000
P63,899.9948,178.663131578947,110.749,96.7622509805739,12.731258860267,4.29496032126139,9,0,5,3,5,0,3,62.2059636327842,46.6544727245882,46.6544727245882,19,19,0,,,19.7688280906486,18.1027177322059,24.3344178099298,0.915720327436567,0.743914149646063,0.812381386933441,62.2059636327842,,,0,0,0.182456140350877,3.45153908280533,15,,2626.75703192361,Vaalkrans game farm- inyathi game services and escape airtours charter and transfers,2007
P64,580.0027,137.6471625,84.5502,125.292623175889,19.1443172972817,2.14580749817316,10,1,5,4,6,1,3,37.4504437801387,33.3152144466302,33.2977899363017,16,15,0,,,10.6929383586165,9.07661798240681,17.6576547586775,0.848842261873958,0.514033041559288,0.605569567689144,37.4272110997007,1,0.244600581480255,1,0.666666666666667,0.112820512820513,3.25917906841957,13,0.0232326804379358,2367.34199254052,Charlgrove Trust,1980
P65,580.0027,145.726405882353,82.5,279.184075675889,22.4186977382611,2.32227965543571,9,1,5,4,6,1,3,53.4498046055125,40.0873534541344,40.0325351896525,17,16,0,,,2.32707121015675,8.78725020895877,42.2623921670879,3.77609854421553,0.207921268966926,0.0550624583898725,53.3767135862034,1,0.365097047020758,1,0.625,0.1875,2.59077590059467,12,0.0730910193091173,2257.44696899333,Danckwerts livestock farming,2017
P66,899.9948,175.781708,86.6004,117.360276634076,11.8905582080776,2.90369785992235,11,2,5,5,7,2,3,36.7051047576236,29.4461142796247,29.3959580854143,25,23,0,,,13.9444365669638,5.22804138468359,17.4657518803624,0.3749195142864,0.299331023393373,0.798387419132081,36.6382298320098,0.962322477296695,0.327321860086466,0.956521739130435,0.565217391304348,0.228260869565217,3.53745635855412,16,0.066874925613875,1955.89002603484,Bhejane Game Reserve,2001
P67,899.9948,188.128820833333,139.87515,48.8601625234441,7.80531777046135,3.12906698216392,10,0,5,3,5,0,3,36.8375121732679,27.6281341299509,27.6281341299509,24,24,0,,,8.54095440577655,10.0133762677156,18.2831814997757,1.17239547151115,0.547682375074517,0.467148149564742,36.8375121732679,,,0,0,0.229166666666667,3.03288536704451,16,,4512.68238522995,Poplar Grove Trust,1999
P68,899.9948,135.823213333333,60,437.779701745317,31.4357743365648,0.551791208643707,8,0,5,3,5,0,3,20.6531047767033,15.4898285825275,15.4898285825275,15,15,0,,,10.7464886961604,0.71747136823278,9.18914471231012,0.0667633297273298,0.078078144451423,1.16947648911917,20.6531047767033,,,0,0,0.123076923076923,2.38788715154317,13,,895.857700333295,Graslaagte (coegas rivier),2005
P69,2949.9863,284.767124242424,102,85.0402347232617,11.6202983036867,5.16070528760896,12,3,5,6,7,2,4,442.92976239332,332.19732179499,330.752017984177,32,27,0,1.23326647456174,yes,45.4216311950668,165.101286912033,230.479772538469,3.63486036428309,0.716337425595453,0.197074262503819,441.002690645569,1,0.941846979298205,1,0.892857142857143,0.256410256410256,2.8695832967237,18,1.9270717477509,3588.01568134128,Huntershill Safaris,2005
P7,4400,557.901164,171.0015,1424.82309169718,86.4717223010976,3.80746806575838,14,3,5,6,7,2,4,69.1950156025629,51.8962617019222,51.7628473048832,25,22,22.3493636763614,4.89866863287905,yes,11.8793166592259,16.3389165993506,40.7988964812678,1.37540879396133,0.400474473785153,0.291167597257933,69.0171297398443,0.676176570068823,0.443113411921682,0.954545454545455,0.772727272727273,0.204545454545455,4.03822924730596,16,0.177885862718665,10237.4279336641,Kariega Private Game Reserve,1986
P70,580.0027,212.1943,171.0015,215.678941946933,41.4237456155496,21.5126179862997,7,1,5,4,6,1,3,77.7719454404761,58.3289590803571,58.1167668138872,9,8,0,,,10.9633809137826,32.7293245604344,33.7963169442993,2.98533133326499,0.968428737793429,0.324395730216747,77.4890224185162,1,0.199486125581217,1,0.375,0.107142857142857,3.11323527447365,7,0.2829230219599,388.796214737134,Likhaya lethu communal property association (brackfontein game reserve),2018
P71,4400,724.108052941177,175,173.036122541002,23.1031023084544,4.41340002635674,13,1,5,5,6,1,4,83.1467991213153,62.3600993409864,62.3144656055493,17,16,0.194704999892533,0.0979051844700809,yes,14.3706955709735,28.8651134637711,39.8501451059878,2.00860934818452,0.724341489522804,0.360618400077398,83.0859541407324,0.992231934761126,0.13102704151632,0.75,0.375,0.107142857142857,2.91145686305855,14,0.0608449805828941,45196.5794656384,Great Fish River Nature reserve,1980
P72,4400,483.7674,161.4991,981.574513856175,62.2398381053209,4.06192407496891,13,3,5,6,7,2,4,73.4939813233866,55.1204859925399,54.9326995749138,27,23,16.3395569333495,2.98769436579241,yes,6.30601757304741,23.072141979151,43.8654398810199,3.65875002914102,0.525975392968396,0.143758220370109,73.2435994332183,0.776914883214506,0.607562500127435,0.956521739130435,0.826086956521739,0.199488491048593,4.14276572960857,17,0.250381890168254,8886.40986975865,Lalibela game reserve,2002
P73,213.501,74.1253,36.37515,-Inf,,,4,0,3,2,3,0,2,0,0,0,4,4,0,,,0,0,0,,,,0,,,0,0,0,3.20037681800133,4,,,SA Fine-Tuned Trading Pty Ltd,2017
P74,899.9948,173.661517647059,102,92.2613751567698,14.0529916893359,6.32311453418472,9,0,5,3,5,0,3,80.9897632008423,78.2553542596884,78.2553542596884,16,16,0,,,16.41265391694,22.5735515733411,42.0035577105612,1.37537485939688,0.537419990203956,0.390744375274986,80.9897632008423,,,0,0,0.166666666666667,3.49423924229839,12,,685.204029580653,Wentworth,2016
P77,580.0027,163.208288888889,135.50065,-Inf,,,9,0,5,3,5,0,3,0,0,0,18,18,0,,,0,0,0,,,,0,,,0,0,0.192307692307692,4.53293186248844,13,,,Tsolwana nature Reserve,1989
P8,400,94.8819363636364,52.5001,240.500062641248,30.6749925824788,4.14300514317501,9,2,4,5,6,2,3,55.8339775244057,73.0509993798531,72.6564417969592,11,9,0,,,12.5251119824682,5.09615439541279,37.6866343693328,0.406874956690688,0.13522444974709,0.332348913403115,55.3079007472139,1,1,1,1,0,2.81068253873967,9,0.526076777191856,300.716752494676,Conservation academy,2009
P80,580.0027,148.440976470588,97.5,178.966111391769,22.225302444607,2.61005939004805,9,0,4,3,4,0,3,27.9593608389814,20.969520629236,20.969520629236,17,17,0,,,0.704376205433435,10.375973396394,16.8790112371539,14.7307267286368,0.61472637529588,0.0417308926178667,27.9593608389814,,,0,0,0.180995475113122,2.60819673780291,13,,13445.9652767118,Fort fordyce,
P81,213.501,97.18575,84.5502,53.8911102185452,12.0772274216044,6.2302872464972,10,2,4,5,6,2,3,54.3351909868024,40.7513932401018,40.5700274927569,14,12,0,,,16.3110981356342,20.1591702586962,17.6231015960122,1.23591741592525,1.14390592080896,0.925552068503375,54.0933699903426,1,0.418026166466416,1,0.666666666666667,0.133333333333333,3.03161465368699,10,0.241820996459778,1250.9174324336,Outspan Safaris,2002
P82,899.9948,163.560927272727,99.75,116.131083272993,13.4507857337379,0.708742262515665,10,0,5,3,5,0,3,36.2451965740899,27.1838974305674,27.1838974305674,22,22,0,,,15.8475774662803,5.27910615507699,15.1185129527326,0.333117548490274,0.349181574377182,1.0482232952293,36.2451965740899,,,0,0,0.221590909090909,2.74542436286101,16,,7332.71199003489,Kruisementfontein Trust,1990
P84,400,108.8732,82.5,-Inf,,,8,0,5,3,5,0,3,0,0,0,13,13,0,,,0,0,0,,,,0,,,0,0,0.0705128205128205,4.6486178916076,12,,,Redside Farrm,
P85,400,117.942957142857,86.6004,316.051969102534,55.3925443723043,3.15763241522118,6,1,4,4,5,1,3,345.352050880763,514.770443503893,514.707646628932,7,6,0,,,24.3731469896665,25.1189326676476,295.776242056834,1.03059866164584,0.0849254574774838,0.082404005203985,345.268321714148,,,0,0,0.133333333333333,1.75476773888119,5,0.083729166615003,164.218760987121,Chumani Farming,
P86,2949.9863,352.765580952381,179.999,834.63349191309,53.7968137357551,3.83632861433444,8,0,4,4,4,0,4,68.6811004304666,51.5108253228499,51.5108253228499,21,21,0,19.4318009818262,yes,11.6570593924574,31.163982666004,25.8600583720052,2.67340000739538,1.20510101785929,0.450774674394267,68.6811004304666,,,0,0,0.234432234432234,3.55441299965577,13,,4857.99343500317,Kamala game reserve (homegrown farms),1999
P87,569.9936,154.006253333333,102,71.4143719242682,12.4341789369423,5.26234254584668,9,0,5,3,5,0,3,59.3492453692033,44.5119340269025,44.5119340269025,15,15,0,,,23.7811109721546,18.3010127693263,17.2671216277225,0.769560883457255,1.0598762876578,1.3772481299937,59.3492453692033,,,0,0,0.166666666666667,3.24756270969055,12,,1666.98120396553,Sable ridge group,2016
P88,580.0027,153.858570588235,82.5,55.6223306120572,9.95197640418889,0.701725041777039,9,0,5,3,5,0,3,30.5010839401825,24.2715252244956,24.2715252244956,17,17,0,,,10.1570948509189,0.94690641170715,19.3970826775564,0.0932261070321186,0.0488169498190972,0.523640333949358,30.5010839401825,,,0,0,0.180995475113122,3.06214409782354,13,,2418.12017712702,Palmietfontein Trust,1998
P89,2949.9863,344.351611111111,92.0502,450.654569941847,37.2942971245346,5.9472035207889,11,1,5,5,6,1,4,520.703939990004,390.527954992503,390.342662052972,18,17,0,79.5075803108815,yes,84.4885233611665,155.64660285258,280.32175652355,1.84222183866596,0.555242678209687,0.301398380236208,520.456882737296,0.792861118664106,0.485430104683696,0.882352941176471,0.588235294117647,0.101960784313725,4.03908137237373,15,0.247057252707941,222.619248765864,Umbono lodge,2007
P90,899.9948,160.253808695652,97.5,165.000360703744,15.8736747231063,1.52829737968938,11,1,5,4,6,1,3,18.6331855438235,13.9748891578676,13.9489142270076,23,22,0,,,4.19332484568857,8.09853843720532,6.30668901978295,1.93129288457868,1.28411887946301,0.664901160107129,18.5985523026769,0.92382127761746,0.107438227214327,0.954545454545455,0.545454545454545,0.221590909090909,3.0610431886801,16,0.0346332411466672,3176.12202491148,Zungah Safaris (Bolton Safaris),1997
P91,899.9948,160.281026315789,86.6004,44.2357478461785,11.6785450024608,4.09354046148882,10,1,5,4,6,1,3,58.0244490028391,43.5183367521293,43.506726002119,19,18,0,,,18.5567137941766,23.2384325739602,16.2138216346885,1.25229244960672,1.43324831724083,1.14449968750585,58.0089680028254,0.959241299606926,0.331069742481925,0.944444444444444,0.611111111111111,0.174603174603175,3.2937261801993,14,0.0154810000137037,5329.08403378153,Kikuyu lodge and safaris,2001
P93,899.9948,168.040080769231,84.5502,189.168731847221,18.4254696712044,1.98581345166371,11,2,5,5,7,2,3,2.9385115852298,2.45609957955457,2.41211312822831,26,24,0,,,0.900071684142453,0.576396171421897,1.4033951278971,0.640389184080444,0.410715528338472,0.641353006185188,2.87986298346145,0.789811305746188,0.164497051397575,0.958333333333333,0.583333333333333,0.229166666666667,2.85783841813458,16,0.0586486017683461,2230.23219746384,Zuuranys conservancy,
P94,2949.9863,337.027557142857,169.0013,264.690892794339,33.0322673110632,2.75484506487531,8,0,5,4,5,0,4,189.767737255011,142.325802941258,142.325802941258,21,21,0,17.0271271421126,yes,20.6129107416038,48.8276380451292,120.327188468278,2.36878908841237,0.405790567092006,0.171307175078208,189.767737255011,,,0,0,0.238095238095238,2.59894623931457,14,,693.008579868743,Rockdell Game Farm,2005
P97,1417.49,272.965042105263,102,173.848356290201,26.196910485214,1.94619821097332,10,0,5,4,5,0,4,299.093432192971,225.439812700028,225.439812700028,19,19,0,,,81.0250412931161,104.42812173973,113.640269160124,1.28883762443207,0.918935888761279,0.712995858703467,299.093432192971,,,0,0,0.168421052631579,3.79663738654078,15,,502.349407669579,Rocklands Game Ranch,2012
P98,580.0027,163.033246666667,102,113.771572397064,19.1338106494131,5.15767436925009,8,0,5,3,5,0,3,25.3684712366606,19.0263534274954,19.0263534274954,15,15,0,,,7.49948509032258,8.29586738116003,9.57311876517794,1.10619159598905,0.866579385950597,0.783389956218013,25.3684712366606,,,0,0,0.112820512820513,2.88630455786939,13,,18686.1568510662,Camdeboo National Park,1985
RS1,400,115.719323076923,82.5,206.509283026085,20.0908950195273,1.95215806610596,8,0,5,3,5,0,3,70.9717881570817,87.5796217914006,87.5796217914006,13,13,0,,,8.65896973044208,12.045633044169,50.2671853824706,1.39111619732547,0.239632136800911,0.172258893442275,70.9717881570817,,,0,0,0.125874125874126,2.84475746024943,11,,982.510421544764,Settlers Safaris,2008
RS3,899.9948,183.195154545455,106.3745,118.203359952099,14.5706310199733,3.76046362328468,10,1,5,4,6,1,3,85.3885755221004,64.0414316415753,64.0273673876713,22,21,0,,,18.3736746580087,25.1280836361026,41.8680648894504,1.36761339818052,0.600173036476644,0.438846999652911,85.3698231835617,0.967256140880897,0.129461976548289,0.952380952380952,0.333333333333333,0.193452380952381,3.23667407511291,16,0.0187523385387111,2575.70275303487,Aylesbury reserve,1990
#N/A,580.0027,133.321116666667,84.5502,-Inf,,,9,1,4,4,5,1,3,0,0,,12,,0,,,0,0,0,,,,,,,,,0,4.78064021587646,10,0,,,
